﻿uuid,A.base,A.enumerator_id,D.info_county,D.info_settlement_other,lat,long,action,comment
9db8cc24-c70d-444e-b885-fb3d94994c0c,aweil,1,AweilCentre,Yiith Depool,8.6984,27.744,Map,
b4d97108-3f34-415d-9346-f22d2aa719ea,juba,2,Juba,Bajur,5.19239,31.77429,Map,
069ef6d9-70a3-46b0-a72c-4734a7e1ffbf,juba,5,Yei,Hai mission,4.0968,30.6692,Map,
ff62c8db-f68b-4e75-8b38-bb7c4fa229e5,juba,4,Morobo,Busia,31.0063,31.0063,Map,
f1e5c33a-fab9-4667-aabc-a98c72d4205e,juba,1,Torit,Offi,4.3573,32.9187,Map,
899798e6-f550-4673-8144-acf2552c7f00,juba,6,Terekeka,Wanyang,5.4501,31.8357,Map,"Already exist in the map but misspelled in the list of settlent in the phone ""Anyang"""
091418a2-bcc1-49e1-9b4d-d520e2a748f3,juba,4,Magwi,Paloganyi,4.1254,32.3063,Map,
4b1587c5-27ce-48b3-806c-0ef3b5387fcd,kapoeta,16,KapoetaEast,Nakadeng'o,5.603,34.6145,Map,
c251a74d-abbc-4006-bae3-2f0be6e3f118,kapoeta,16,KapoetaSouth,Nathiekina,4.7444,33.8557,Map,
83c7ce3b-1d8a-433f-9a73-530e0ac1de57,kapoeta,16,KapoetaSouth,Nakoringomo,4.776,33.632,Map,
50cd8608-a56b-4964-a161-9f434f122230,kapoeta,16,KapoetaNorth,Ila,4.5024,33.3484,Map,
bc0384d7-95dd-487f-8896-511b4afa2d1d,kapoeta,16,KapoetaEast,Kandok,4.9431,33.6884,Map,
4c9a9b7e-675d-4805-8aeb-da9736417521,kapoeta,16,KapoetaSouth,Goloki,4.8541,33.5308,Map,
0824c64a-484a-4f73-9108-53adbfc749ab,kapoeta,15,KapoetaNorth,Napetet,4.8805,33.5068,Map,
ac4749f2-32b1-4dfe-995f-4e6a34a893a5,kapoeta,16,KapoetaEast,Kaatongun,4.922,33.8736,Map,
bca2a525-66b4-4da2-8bbc-5a45248932cb,kapoeta,16,KapoetaNorth,Napeingoroko,4.8388,33.595,Map,
bb6851ec-2bb9-4e9f-be66-5fc5d2ef86fb,kapoeta,16,KapoetaEast,Lotimongiro,5.644,35.09,Map,
d36fe85d-0a75-4385-a560-eddd39382608,kapoeta,16,KapoetaEast,Kethengor,5.7496,33.9296,Map,
7ef270f5-6b3b-4901-8470-22270f45c36a,kapoeta,16,Budi,Mahiria,4.3683,33.683,Map,
5f2117c0-e315-4c24-9e5a-d46d963c6654,kapoeta,16,KapoetaEast,Lotimongiro,5.644,35.09,Map,
3f20653c-626a-4c8d-8af9-e501ec062d27,kapoeta,16,KapoetaNorth,Natiir,4.9009,33.4725,Map,
be79d086-e3aa-4647-bc2f-37a60628d13f,kapoeta,16,KapoetaSouth,Lotiir,4.8528,33.5561,Map,
653d08f9-70bb-4ee3-b71b-f218de16e3a4,kapoeta,16,KapoetaNorth,Lotubwa,5.0763,33.5681,Map,
b8567058-1db6-417f-93fa-50021e636ce0,kapoeta,16,KapoetaEast,Pooma,5.7488,33.9415,Map,
cf8e13cd-f243-4f04-b7ad-ee99af2f74fb,kapoeta,16,KapoetaEast,Emuria,4.9748,33.8138,Map,
0cf26905-55de-4428-a4a2-e44aa47a7378,kapoeta,16,KapoetaEast,Nakadeng'o,5.603,34.6145,Map,
df232dc5-7680-4c48-adbf-9bb40b704e26,kapoeta,15,KapoetaEast,Kaatodori,4.5073,34.1591,Map,
90cc2f5f-d5e0-4eb0-955d-7b7ab87939c7,kapoeta,15,Budi,Nongolopa,4.2298,33.5085,Map,
30a7d1c4-c1aa-423c-a2e3-5cd6f4debcf3,kapoeta,16,Budi,Kaliba,4.4746,33.352,Map,
c0051308-8c5c-42e7-90de-4467faeafc5b,malakal,1,Malakal,Panyiduay,9.3642,31.4556,Don`t map  this settlement as its mapped already under panyikang.,This settement is located under panyikang county not malakal. Mean its not suppose to be map as new settlement.
8ab50a83-da37-42a8-9b18-3e6ba6da1c6c,malakal,1,CanalPigi,Koleed,9.1781,31.2006,No action,this settlement is existed in the tool just misspelling by casual enumeartor.
d1ba0703-c705-4fb9-ad29-21847b24e5a7,malakal,1,Malakal,Wunthow,9.3622,31.5999,No action,There is no settlement call by this name in all uper nile county accept Jonglei in Ayod and I didn`t find alternate  name of this settlement as I have asked many people from same location.
b07ab7e4-0d8b-489a-8815-0918426a762e,malakal,1,Malakal,Wurjuok,9.4967,31.6158,No action,this settlement is existed in the tool just misspelling by casual enumeartor.
7bc47baa-1b9f-42e4-87bb-ec0c09c27ffe,malakal,1,Malakal,Dolep,8.6524,31.1415,Don`t map  this settlement as its mapped already under panyikang.,these settlement are  under panyikang county not malakal just incorrect selection of settlement by casual last month.
abe9bedb-afd2-4a2a-9a1d-691466747aeb,malakal,1,Malakal,Obel 4,9.4023,31.5449,Don`t map  this settlement as its mapped already under panyikang.,these settlement are  under panyikang county not malakal just incorrect selection of settlement by casual last month.
bc0905fe-f789-4047-b5a9-fc2c50dfc53a,nyal,2,Leer,Fiel,8.18698,30.31357,Map,
0e69c900-9c47-4a4c-9178-c30442c8965b,nyal,2,Leer,Dhor-tuol,8.31522,30.14933,Map,
6bdfaca1-c109-4ada-84c0-8d6b51e07d7a,pariang,1,Pariang,Panbaai,9.8665,30.2062,Map,
9f03558c-4e55-4945-a883-932f79e313be,pariang,1,Pariang,Pariak,10.0017,30.2809,Map,
2d12f0db-89e4-4151-8b14-b04ca043ed60,pariang,1,Pariang,Kiireec,9.9082,30.0343,Map,
0c92b0ef-8ff3-4790-bda8-2041196f706c,pariang,1,Pariang,Totakuei,9.8817,30.0388,Map,
9532909d-0a8f-4f57-9abf-65ad43ac74c4,pariang,1,Pariang,Kolmir,9.9141,30.2507,Map,
ea5c024d-914b-4d99-97c8-7b9a2d71258e,pariang,1,Pariang,Pakal,9.9107,30.1947,Map,
ded6fd7f-7dff-4922-9a07-e2b519315c2e,pariang,1,Pariang,Biemalien,9.888,30.1969,Map,
df440b01-8353-4fbe-b665-5302299e0694,pariang,1,Abiemnhom,Bangbang,9.3963,28.9876,Map,
82279d2d-561a-4738-b92d-59acdab8a5c6,pariang,1,Pariang,Akot,9.6963,30.3088,Map,
ea7d6211-a4c8-4706-9aa1-f9011f2daa97,pariang,1,Pariang,Ngelbui,9.9844,30.2427,Map,
76d2df7a-2fdf-4352-a84d-5d879cae12b6,pariang,1,Pariang,Gaar,9.8339,30.1981,Map,
ba5e94ff-e58e-4728-8f43-db27f65f9a99,pariang,1,Abiemnhom,Agok,9.4572,28.9338,Map,
5f2b348e-c99e-401e-8e30-82c93ca8cad8,pariang,1,Pariang,Thuny,9.9866,30.1914,Map,Thuny (Dhuony) Correct Spelling
11078e90-7902-498d-bd23-7042b30e1042,pariang,1,Pariang,Kollang,9.9115,30.287,Map,
f1e694a1-2d4b-4bcb-9dc5-1698abe524b6,pariang,1,Pariang,Liepgup,9.9462,30.1982,Map,
3a11ff26-6992-4372-8a2f-85405cc93a0a,rumbek,8,Wulu,Tonji,6.31645,29.65804,Map,
5083c096-611d-45ca-a53a-4cc661a0327e,rumbek,7,Wulu,Dorow,7.70783,29.72882,Map,
d21830d8-f054-4a02-b9df-473dd5c2e1bd,rumbek,8,RumbekNorth,Makuac Pamuolnyic,7.57369,29.82846,Map,
daa15072-a689-46a8-95f2-912fb563dd8f,rumbek,8,RumbekNorth,Lok,6.53408,29.51696,Map,
eb29c50f-89e0-4c57-8614-cdb9867c0082,rumbek,9,RumbekCentre,Ager - gum,6.81715,29.67269,Map,
4ecadd13-94bf-4a67-b775-a256dcb84a4c,rumbek,8,RumbekCentre,Pen-manyang,6.697,29.662,Map,
c25ec936-613f-413e-98b9-bcc91da0731b,rumbek,9,RumbekEast,Luel,6.7579,30.1602,Map,
6b2f6f90-0561-408e-8ded-759a588d499f,rumbek,8,Cueibet,Manga-wencir,6.9985,29.2958,Map,
be8c2b54-a8d6-4e1e-824c-784e7e097b9f,warrap,6,GogrialWest,Amothyic,8.109,28.015,Map,
d897bead-2db8-435c-b680-57348b527896,warrap,7,Twic,Malek-Adiany,9.1619, 28.3726,Map,
1d16f0f3-a427-42e0-a97c-64dc1eaacf30,warrap,6,GogrialEast,Tertweng,8.3617, 28.3564,this settlement need to be modified to Tarweng not tertweng.,
f35b5b58-4c4a-40b2-859e-04765cf15246,warrap,7,Twic,Awudeng,8.9877, 28.2995,Map,
394e8803-bf90-4306-a4ec-d4b7a4e5d44a,warrap,6,GogrialWest,Keem,8.7392, 28.1981,Map,
8564dd00-52ab-4ecd-b2b2-eefb997a0de8,warrap,7,Twic,Ayak-makot,9.0975,28.6177,Map,
671877e5-ca5d-49e7-b8df-ea74a5c9e789,warrap,6,GogrialEast,Gieric,8.2444,28.3077,Map,