uuid,Spotted_by,change_type,Sectors,indicator,Current_value,new_value,Issue,Enumerator comment,FO comment,AO comment,AM comment,GIS comment,Last Index
b00631ca-04f1-4674-b548-d1eb9eeaac97,gatwech,change_response,Markets,U.market_now,no,yes,Source of food for most people in the settlement is bought while there is no available market within the settlement.,Enumerator react strongly there is premanent construction in malakal especially sora jalaba resident of KI.,"I suggest to change the response market_""no"" to ""yes"".",,,,
5da83b23-ed41-4791-b51b-ce0b0485cc58,gatwech,no_action,Livelihoods,L.crops_yes_tools_no,yes,yes,You mention most  people in the settlement engage in cultivation as livelihhod activties but they don`t have enough tools for cultivation.,"Enumerator strongly said, KI report that most pepele in the western bank areas always complaining of inadequate of the agricultural tools. Therefore almost all lack access to enough tools because no tools distribution ever occure in the for long period.","I suggest to retain data since enumerator confirm that, there is no enough tools panyikang",,,,
32b96562-7a82-40be-b141-ee472f34bc57,gatwech,no_action,Livelihoods,L.ag_tools,yes,yes,You mention most  people in the settlementhas  engage in cultivation as livelihhod activties but they don`t have enough tools for cultivation.,"Enumerator strongly said, KI report that most pepele in the western bank areas always complaining of inadequate of the agricultural tools. Therefore almost all lack access to enough tools because no tools distribution ever occure in the for long period.","I suggest to retain data since enumerator confirm that, there is no enough tools panyikang",OK,,,
f629f446-317f-4bb0-8ee8-348ed926e319,gatwech,no_action,Livelihoods,L.ag_tools,yes,yes,You mention most  people in the settlementhas  engage in cultivation as livelihhod activties but they don`t have enough tools for cultivation.,"Enumerator strongly said, KI report that most pepele in the western bank areas always complaining of inadequate of the agricultural tools. Therefore almost all lack access to enough tools because no tools distribution ever occure in the for long period.","I suggest to retain data since enumerator confirm that, there is no enough tools panyikang",OK,,,
831e5db3-350d-4d2b-8700-378ed4108e52,gatwech,no_action,Livelihoods,L.ag_tools,yes,yes,You mention most  people in the settlementhas  engage in cultivation as livelihhod activties but they don`t have enough tools for cultivation.,"Enumerator strongly said, KI report that most pepele in the western bank areas always complaining of inadequate of the agricultural tools. Therefore almost all lack access to enough tools because no tools distribution ever occure in the for long period.","I suggest to retain data since enumerator confirm that, there is no enough tools panyikang",OK,,,
b00631ca-04f1-4674-b548-d1eb9eeaac97,gatwech,no_action,Livelihoods,J.j1.hc_shelter_type1,yes,yes,You indicate that host community are staying permenat construction its because they are resising in the town.,Enumerator confirm that KI said people are stay permemant constryuction because they are in town.,I suggest to retain data since people are stay in malakal town.,OK,,,
c88015d6-00e6-4714-8ba3-bb6f557785f1,gatwech,no_action,Livelihoods,J.j1.hc_shelter_type2,yes,yes,You indicate that host community are staying permenat construction its because they are resising in the town.,Enumerator confirm that KI said people are stay permemant constryuction because they are in town.,I suggest to retain data since people are stay in malakal town.,OK,,,
db8dfa9d-3be2-48a9-8157-3b0ead0b50d0,gatwech,no_action,Markets,U.market_now,yes,yes,People source most food from markets but there is no available market in the settlemet people walk to to buy food.,"Enumerator said according to explaination of KI almost all people get most of their food from NGO but they are doing some livelihood activities to make food last longer like charcoal gathering, fishing and others.",I suggest to retain the response since food for majority of people AIDS assistant.  ,OK,,,
f49b8472-e71f-4c7a-8e12-eabfe72358a5,gatwech,no_action,Markets,U.market_now,yes,yes,People source most food from markets but there is no available market in the settlemet people walk to to buy food.,"Enumerator said according to explaination of KI almost all people get most of their food from NGO but they are doing some livelihood activities to make food last longer like charcoal gathering, fishing and others.",I suggest to retain the response since food for majority of people AIDS assistant.  ,OK,,,
7faee7d4-71f5-4a72-a7f9-e7e00ce78968,gatwech,change_response,Protection,N.prot_now,yes,no,"You indicate that, people are feeling safe in the settlement while there is report of on going killing and serious protection concern for the all categories of population  among population. Which is very confusing.","Enumeartor said, KI report fear of coming postoralist from sudan to western bank who used to brought a loot of mess to community. Meaning however there is no killing incident reported in the settlemets people are still not feeling safe due to the coming postoralist from sudan.","I suggest to change prot_now_""No"" to ""yes"".","The enumerator comment is a little confusing here. I suggest we change ""prot_now"" from ""yes"" to ""no"" as the enumerator has inidctaed that 1) there have been incidences and 2) people are not feeling safe. ",,,
26e8d092-88fd-4b97-bb2e-6de3809a953b,gatwech,no_action,Shelter,J.j1.hc_shelter_type1,yes,yes,You indicate that host community are staying in permenat construction because they live in the town.,Enumerator confirm that KI said people are stay permemant constryuction because they are in town.,I suggest to retain data since people are stay in malakal town.,OK,,,
f67b8cef-ab88-4e24-80fe-ce420367bb90,gatwech,no_action,Shelter,J.j1.hc_shelter_type1,yes,yes,You indicate that host community are staying in permenat construction its because they are stay in the town.,Enumerator confirm that KI said people are stay in permemant constryuction because they are in town.,I suggest to retain data since people are stay in malakal town.,OK,,,
26e8d092-88fd-4b97-bb2e-6de3809a953b,gatwech,no_action,Shelter,J.j1.hc_shelter_type1,yes,yes,You indicate that host community are staying in permenat construction its because they are resising in the town.,Enumerator confirm that KI said people are stay permemant constryuction because they are in town.,I suggest to retain data since people are stay in malakal town.,OK,,,
f67b8cef-ab88-4e24-80fe-ce420367bb90,gatwech,no_action,Shelter,J.j1.hc_shelter_type1,yes,yes,You indicate that host community are staying in permenat construction its because they are resising in the town.,Enumerator confirm that KI said people are stay permemant constryuction because they are in town.,I suggest to retain data since people are stay in malakal town.,OK,,,