uuid,Spotted_by,change_type,Sectors,indicator,Current_value,new_value,Issue,Enumerator comment,FO comment,AO comment,AM comment,GIS comment,Last Index
42d96c5b-585c-44e0-bd88-d1a96fb12751,Dut,change_response,Food_Security,G.food_coping_comsumption.skip_days,yes,no,There is enough food but people apply extreme coping strategies,"Enumerator said that this was a mis-click, that he did not revise the form after KI has finished her comments but he could remember that food_now is NO according to KI, not YES","As this is a clicking Error as said by Enumerator, I told him to be keen enough once swipping on going to next question, this first time and he said to be careful next around. I suggest to change food_now to No Isabel",,,,
7fa83a72-6fcb-4b14-a369-b4d5fe1c5651,Dut,change_response,Food_Security,G.food_coping_comsumption.skip_days,yes,no,There is enough food but people apply extreme coping strategies,"Enumerator said that this was a mis-click, that he did not revise the form after KI has finished her comments but he could remember that food_now is NO according to KI, not YES","As this is a clicking Error as said by Enumerator, I told him to be keen enough once swipping on going to next question, this first time and he said to be careful next around. I suggest to change food_now to No Isabel",,,,
04b54450-3adb-4c7f-9b21-e68d4a107106,Daniel,no_action,Livelihoods,L.ag_seeds,no,no,People engage in  cultivation as their livelihoods activities but there is NOT enough access to seeds!.,enumerator reported that ki has told him there are few seeds for some households but not enough.,it is correct because question is asking enough seeds but people have access to seeds which is not enough. Let's keep it per ki statement..,,,,
5f72b1ef-70c5-4efc-b62a-38e57f230d5e,Daniel,no_action,Livelihoods,L.ag_seeds,no,no,People engage in  cultivation as their livelihoods activities but there is NOT enough access to seeds!.,enumerator reported that ki has told him there are few seeds for some households but not enough.,it is correct because question is asking enough seeds but people have access to seeds which is not enough. Let's keep it per ki statement..,,,,
b63aba67-60b4-4a63-9b12-091bb9881b71,Daniel,no_action,Livelihoods,L.ag_seeds,no,no,People engage in  cultivation as their livelihoods activities but there is NOT enough access to seeds!.,enumerator reported that ki has told him there are few seeds for some households but not enough.,it is correct because question is asking enough seeds but people have access to seeds which is not enough. Let's keep it per ki statement..,,,,
a06e828f-8b65-434e-860d-59dcb834cc8c,Daniel,no_action,Livelihoods,L.ag_seeds,no,no,People engage in  cultivation as their livelihoods activities but there is NOT enough access to seeds!.,enumerator reported that ki has told him there are few seeds for some households but not enough.,it is correct because question is asking enough seeds but people have access to seeds which is not enough. Let's keep it per ki statement..,,,,
91088244-6b21-46ba-a9c8-4c6ba311274b,Daniel,no_action,Livelihoods,L.ag_seeds,no,no,People engage in  cultivation as their livelihoods activities but there is NOT enough access to seeds!.,enumerator reported that ki has told him there are few seeds for some households but not enough.,it is correct because question is asking enough seeds but people have access to seeds which is not enough. Let's keep it per ki statement..,,,,
a71c85e2-16b9-4389-9cf5-797b8e973992,Daniel,no_action,Livelihoods,L.ag_seeds,no,no,People engage in  cultivation as their livelihoods activities but there is NOT enough access to seeds!.,enumerator reported that ki has told him there are few seeds for some households but not enough.,it is correct because question is asking enough seeds but people have access to seeds which is not enough. Let's keep it per ki statement..,,,,
080c08ac-f2a9-49c6-bedd-a2659ad00468,Daniel,no_action,Livelihoods,L.ag_seeds,no,no,People engage in  cultivation as their livelihoods activities but there is NOT enough access to seeds!.,enumerator reported that ki has told him there are few seeds for some households but not enough.,it is correct because question is asking enough seeds but people have access to seeds which is not enough. Let's keep it per ki statement..,,,,
bba30eca-69ae-40ae-b320-5094f94f88c4,Daniel,no_action,Livelihoods,L.ag_seeds,no,no,People engage in  cultivation as their livelihoods activities but there is NOT enough access to seeds!.,enumerator reported that ki has told him there are few seeds for some households but not enough.,it is correct because question is asking enough seeds but people have access to seeds which is not enough. Let's keep it per ki statement..,,,,
bcd3e6f1-9a94-4bc7-a6e0-4fbd2f9b1977,Daniel,no_action,Livelihoods,L.ag_seeds,no,no,People engage in  cultivation as their livelihoods activities but there is NOT enough access to seeds!.,enumerator reported that ki has told him there are few seeds for some households but not enough.,it is correct because question is asking enough seeds but people have access to seeds which is not enough. Let's keep it per ki statement..,,,,
d71ae707-fc4d-4c03-8388-cbde7ad2749c,Daniel,no_action,Livelihoods,L.ag_seeds,no,no,People engage in  cultivation as their livelihoods activities but there is NOT enough access to seeds!.,enumerator reported that ki has told him there are few seeds for some households but not enough.,it is correct because question is asking enough seeds but people have access to seeds which is not enough. Let's keep it per ki statement..,,,,
85188f62-5063-4acb-a460-d7ed5ff7931b,Daniel,no_action,Livelihoods,L.ag_seeds,no,no,People engage in  cultivation as their livelihoods activities but there is NOT enough access to seeds!.,enumerator reported that ki has told him there are few seeds for some households but not enough.,it is correct because question is asking enough seeds but people have access to seeds which is not enough. Let's keep it per ki statement..,,,,
59ddce6f-9254-4ef8-8aef-0e2f8b0e41c8,Daniel,no_action,Livelihoods,L.ag_seeds,no,no,People engage in  cultivation as their livelihoods activities but there is NOT enough access to seeds!.,enumerator reported that ki has told him there are few seeds for some households but not enough.,it is correct because question is asking enough seeds but people have access to seeds which is not enough. Let's keep it per ki statement..,,,,
70c72d45-a621-4ecd-ba34-8f99adfb4709,Daniel,no_action,Livelihoods,L.ag_seeds,no,no,People engage in  cultivation as their livelihoods activities but there is NOT enough access to seeds!.,enumerator reported that ki has told him there are few seeds for some households but not enough.,it is correct because question is asking enough seeds but people have access to seeds which is not enough. Let's keep it per ki statement..,,,,
38c995ac-d537-4e26-b62f-b89607bab40d,Daniel,no_action,Livelihoods,L.ag_seeds,no,no,People engage in  cultivation as their livelihoods activities but there is NOT enough access to seeds!.,enumerator reported that ki has told him there are few seeds for some households but not enough.,it is correct because question is asking enough seeds but people have access to seeds which is not enough. Let's keep it per ki statement..,,,,
29d71ebf-eb2d-4875-b15c-7bc16d0359ac,Daniel,change_response,Livelihoods,L.ag_seeds,no,yes,People engage in  cultivation as their livelihoods activities but there is NOT enough access to seeds!.,enumerator reported that ki has told him there are few seeds for some households but not enough.,it is correct because question is asking enough seeds but people have access to seeds which is not enough. Let's keep it per ki statement..,,,,
c938c5c1-1d5d-4e19-a324-7a99bc83c3fa,Daniel,no_action,Livelihoods,L.ag_seeds,no,no,People engage in  cultivation as their livelihoods activities but there is NOT enough access to seeds!.,enumerator reported that ki has told him there are few seeds for some households but not enough.,it is correct because question is asking enough seeds but people have access to seeds which is not enough. Let's keep it per ki statement..,,,,
ab77d242-af2d-440a-8503-0141e1900e87,Daniel,no_action,Livelihoods,L.ag_seeds,no,no,People engage in  cultivation as their livelihoods activities but there is NOT enough access to seeds!.,enumerator reported that ki has told him there are few seeds for some households but not enough.,it is correct because question is asking enough seeds but people have access to seeds which is not enough. Let's keep it per ki statement..,,,,
c9b926f9-9f5c-4f4f-a4d4-5b9728c9d765,Daniel,no_action,Livelihoods,L.ag_seeds,no,no,People engage in  cultivation as their livelihoods activities but there is NOT enough access to seeds!.,enumerator reported that ki has told him there are few seeds for some households but not enough.,it is correct because question is asking enough seeds but people have access to seeds which is not enough. Let's keep it per ki statement..,,,,
2292db63-a7cc-44d3-b51e-4580b1b1b982,Daniel,no_action,Livelihoods,L.ag_seeds,no,no,People engage in  cultivation as their livelihoods activities but there is NOT enough access to seeds!.,enumerator reported that ki has told him there are few seeds for some households but not enough.,it is correct because question is asking enough seeds but people have access to seeds which is not enough. Let's keep it per ki statement..,,,,
fb14c1d3-eeeb-43ee-9941-d8bb11dd8578,Daniel,no_action,Livelihoods,L.ag_seeds,no,no,People engage in  cultivation as their livelihoods activities but there is NOT enough access to seeds!.,enumerator reported that ki has told him there are few seeds for some households but not enough.,it is correct because question is asking enough seeds but people have access to seeds which is not enough. Let's keep it per ki statement..,,,,
5c4faa95-af80-42fe-816b-1b124f36b50b,Daniel,no_action,Livelihoods,L.ag_seeds,no,no,People engage in  cultivation as their livelihoods activities but there is NOT enough access to seeds!.,enumerator reported that ki has told him there are few seeds for some households but not enough.,it is correct because question is asking enough seeds but people have access to seeds which is not enough. Let's keep it per ki statement..,,,,
04b54450-3adb-4c7f-9b21-e68d4a107106,Daniel,no_action,Livelihoods,L.ag_seeds,yes,yes,People engage in  cultivation as their livelihoods activities but there is NOT enough access to tools!.,enumerator reported that ki has told him there are few tools for some households but not enough.,it is correct because question is asking enough seeds but people have access to seeds which is not enough. Let's keep it per ki statement..,,,,
5f72b1ef-70c5-4efc-b62a-38e57f230d5e,Daniel,no_action,Livelihoods,L.ag_seeds,no,no,People engage in  cultivation as their livelihoods activities but there is NOT enough access to seeds!.,enumerator reported that ki has told him there are few  tools for some households but not enough.,it is correct because question is asking enough seeds but people have access to seeds which is not enough. Let's keep it per ki statement..,,,,
b63aba67-60b4-4a63-9b12-091bb9881b71,Daniel,no_action,Livelihoods,L.ag_seeds,no,no,People engage in  cultivation as their livelihoods activities but there is NOT enough access to seeds!.,enumerator reported that ki has told him there are few  seeds for some households but not enough.,it is correct because question is asking enough seeds but people have access to seeds which is not enough. Let's keep it per ki statement..,,,,
a06e828f-8b65-434e-860d-59dcb834cc8c,Daniel,no_action,Livelihoods,L.ag_seeds,no,no,People engage in  cultivation as their livelihoods activities but there is NOT enough access to seeds!.,enumerator reported that ki has told him there are few  seeds for some households but not enough.,it is correct because question is asking enough seeds but people have access to seeds which is not enough. Let's keep it per ki statement..,,,,
91088244-6b21-46ba-a9c8-4c6ba311274b,Daniel,no_action,Livelihoods,L.ag_tools,yes,yes,People engage in  cultivation as their livelihoods activities but there is NOT enough access to tools!.,enumerator reported that ki has told him there are few  tools for some households but not enough.,it is correct because question is asking enough tools but people have access to tools which is not enough. Let's keep it per ki statement..,,,,
a71c85e2-16b9-4389-9cf5-797b8e973992,Daniel,no_action,Livelihoods,L.ag_tools,yes,yes,People engage in  cultivation as their livelihoods activities but there is NOT enough access to tools!.,enumerator reported that ki has told him there are few  tools for some households but not enough.,it is correct because question is asking enough tools but people have access to tools which is not enough. Let's keep it per ki statement..,,,,
080c08ac-f2a9-49c6-bedd-a2659ad00468,Daniel,no_action,Livelihoods,L.ag_tools,no,no,People engage in  cultivation as their livelihoods activities but there is NOT enough access to tools!.,enumerator reported that ki has told him there are few  tools for some households but not enough.,it is correct because question is asking enough tools but people have access to tools which is not enough. Let's keep it per ki statement..,,,,
bba30eca-69ae-40ae-b320-5094f94f88c4,Daniel,no_action,Livelihoods,L.ag_tools,no,no,People engage in  cultivation as their livelihoods activities but there is NOT enough access to tools!.,enumerator reported that ki has told him there are few  tools for some households but not enough.,it is correct because question is asking enough tools but people have access to tools which is not enough. Let's keep it per ki statement..,,,,
bcd3e6f1-9a94-4bc7-a6e0-4fbd2f9b1977,Daniel,no_action,Livelihoods,L.ag_tools,yes,yes,People engage in  cultivation as their livelihoods activities but there is NOT enough access to tools!.,enumerator reported that ki has told him there are few  tools for some households but not enough.,it is correct because question is asking enough tools but people have access to tools which is not enough. Let's keep it per ki statement..,,,,
d71ae707-fc4d-4c03-8388-cbde7ad2749c,Daniel,no_action,Livelihoods,L.ag_tools,yes,yes,People engage in  cultivation as their livelihoods activities but there is NOT enough access to tools!.,enumerator reported that ki has told him there are few  tools for some households but not enough.,it is correct because question is asking enough tools but people have access to tools which is not enough. Let's keep it per ki statement..,,,,
85188f62-5063-4acb-a460-d7ed5ff7931b,Daniel,no_action,Livelihoods,L.ag_tools,yes,yes,People engage in  cultivation as their livelihoods activities but there is NOT enough access to tools!.,enumerator reported that ki has told him there are few  tools for some households but not enough.,it is correct because question is asking enough tools but people have access to tools which is not enough. Let's keep it per ki statement..,,,,
59ddce6f-9254-4ef8-8aef-0e2f8b0e41c8,Daniel,change_response,Livelihoods,L.ag_tools,no,yes,People engage in  cultivation as their livelihoods activities but there is NOT enough access to tools!.,enumerator reported that ki has told him there are few  tools for some households but not enough.,it is correct because question is asking enough tools but people have access to tools which is not enough. Let's keep it per ki statement..,,,,
70c72d45-a621-4ecd-ba34-8f99adfb4709,Daniel,no_action,Livelihoods,L.ag_tools,yes,yes,People engage in  cultivation as their livelihoods activities but there is NOT enough access to tools!.,enumerator reported that ki has told him there are few  tools for some households but not enough.,it is correct because question is asking enough tools but people have access to tools which is not enough. Let's keep it per ki statement..,,,,
38c995ac-d537-4e26-b62f-b89607bab40d,Daniel,no_action,Livelihoods,L.ag_tools,no,no,People engage in  cultivation as their livelihoods activities but there is NOT enough access to tools!.,enumerator reported that ki has told him there are few  tools for some households but not enough.,it is correct because question is asking enough tools but people have access to tools which is not enough. Let's keep it per ki statement..,,,,
29d71ebf-eb2d-4875-b15c-7bc16d0359ac,Daniel,no_action,Livelihoods,L.ag_tools,yes,yes,People engage in  cultivation as their livelihoods activities but there is NOT enough access to tools!.,enumerator reported that ki has told him there are few  tools for some households but not enough.,it is correct because question is asking enough tools but people have access to tools which is not enough. Let's keep it per ki statement..,,,,
c938c5c1-1d5d-4e19-a324-7a99bc83c3fa,Daniel,no_action,Livelihoods,L.ag_tools,yes,yes,People engage in  cultivation as their livelihoods activities but there is NOT enough access to tools!.,enumerator reported that ki has told him there are few  tools for some households but not enough.,it is correct because question is asking enough tools but people have access to tools which is not enough. Let's keep it per ki statement..,,,,
ab77d242-af2d-440a-8503-0141e1900e87,Daniel,no_action,Livelihoods,L.ag_tools,no,no,People engage in  cultivation as their livelihoods activities but there is NOT enough access to tools!.,enumerator reported that ki has told him there are few  tools for some households but not enough.,it is correct because question is asking enough tools but people have access to tools which is not enough. Let's keep it per ki statement..,,,,
c9b926f9-9f5c-4f4f-a4d4-5b9728c9d765,Daniel,no_action,Livelihoods,L.ag_tools,yes,yes,People engage in  cultivation as their livelihoods activities but there is NOT enough access to tools!.,enumerator reported that ki has told him there are few  tools for some households but not enough.,it is correct because question is asking enough tools but people have access to tools which is not enough. Let's keep it per ki statement..,,,,
2292db63-a7cc-44d3-b51e-4580b1b1b982,Daniel,no_action,Livelihoods,L.ag_tools,no,no,People engage in  cultivation as their livelihoods activities but there is NOT enough access to tools!.,enumerator reported that ki has told him there are few  tools for some households but not enough.,it is correct because question is asking enough tools but people have access to tools which is not enough. Let's keep it per ki statement..,,,,
fb14c1d3-eeeb-43ee-9941-d8bb11dd8578,Daniel,no_action,Livelihoods,L.ag_seeds,no,no,People engage in  cultivation as their livelihoods activities but there is NOT enough access to tools!.,enumerator reported that ki has told him there are few  tools for some households but not enough.,it is correct because question is asking enough tools but people have access to tools which is not enough. Let's keep it per ki statement..,,,,
5c4faa95-af80-42fe-816b-1b124f36b50b,Daniel,no_action,Livelihoods,L.ag_tools,no,no,People engage in  cultivation as their livelihoods activities but there is NOT enough access to tools!.,enumerator reported that ki has told him there are few  tools for some households but not enough.,it is correct because question is asking enough tools but people have access to tools which is not enough. Let's keep it per ki statement..,,,,
dc633b21-0576-47b8-9a3d-009a868cb809,Daniel,change_response,Livelihoods,L.current_activities.crops_for_sustenance,no,yes,People source most food from own cultivation but do NOT engage in crops for sustenance as livelihoods activity.,Enumerator said that this was a mis-click.  But I recall in current activities ki reported that there is crops for sustenance added by enumerator. ,we can add crops for sustenance according to ki statement or keep it per now,,,,
089caabd-cb93-4bb5-815f-d3fb92d93c34,Daniel,change_response,Livelihoods,L.current_activities.crops_for_sustenance,no,yes,People source most food from own cultivation but do NOT engage in crops for sustenance as livelihoods activity.,Enumerator said that this was a mis-click.  But I recall in current activities ki reported that there is crops for sustenance added by enumerator. ,we can add crops for sustenance according to ki statement or keep it per now,,,,
eaf979d5-e496-4be0-ac6e-691d9cd4c101,Daniel,no_action,Livelihoods,L.ag_seeds,no,no,People engage in  cultivation as their livelihoods activities but there is NOT enough access to seeds!.,enumerator reported that ki has told him there are few  seeds for some households but not enough.,it is correct because question is asking enough seeds but people have access to seeds which is not enough. Let's keep it per ki statement..,,,,
72266c76-4836-4752-a555-3aed109d651e,Daniel,no_action,Livelihoods,L.ag_seeds,no,no,People engage in  cultivation as their livelihoods activities but there is NOT enough access to seeds!.,enumerator reported that ki has told him there are few  seeds for some households but not enough.,it is correct because question is asking enough seeds but people have access to seeds which is not enough. Let's keep it per ki statement..,,,,
d7c71ba7-c81d-49f3-a8a6-97d951ee4d1b,Daniel,no_action,Livelihoods,L.ag_seeds,no,no,People engage in  cultivation as their livelihoods activities but there is NOT enough access to seeds!.,enumerator reported that ki has told him there are few  seeds for some households but not enough.,it is correct because question is asking enough seeds but people have access to seeds which is not enough. Let's keep it per ki statement..,,,,
e22ccf62-a76e-4646-ba33-c61119a57bdb,Daniel,no_action,Livelihoods,L.ag_seeds,no,no,People engage in  cultivation as their livelihoods activities but there is NOT enough access to seeds!.,enumerator reported that ki has told him there are few  seeds for some households but not enough.,it is correct because question is asking enough seeds but people have access to seeds which is not enough. Let's keep it per ki statement..,,,,
dc633b21-0576-47b8-9a3d-009a868cb809,Daniel,no_action,Livelihoods,L.ag_seeds,no,no,People engage in  cultivation as their livelihoods activities but there is NOT enough access to seeds!.,enumerator reported that ki has told him there are few  seeds for some households but not enough.,it is correct because question is asking enough seeds but people have access to seeds which is not enough. Let's keep it per ki statement..,,,,
089caabd-cb93-4bb5-815f-d3fb92d93c34,Daniel,no_action,Livelihoods,L.ag_tools,no,no,People engage in  cultivation as their livelihoods activities but there is NOT enough access to seeds!.,enumerator reported that ki has told him there are few  seeds for some households but not enough.,it is correct because question is asking enough seeds but people have access to seeds which is not enough. Let's keep it per ki statement..,,,,
8f1461f4-d415-4878-b92a-9ab5a66f68f5,Daniel,no_action,Livelihoods,L.ag_seeds,no,no,People engage in  cultivation as their livelihoods activities but there is NOT enough access to seeds!.,enumerator reported that ki has told him there are few  seeds for some households but not enough.,it is correct because question is asking enough seeds but people have access to seeds which is not enough. Let's keep it per ki statement..,,,,
f966b862-d2bb-4844-8228-6cf217fbc06a,Daniel,no_action,Livelihoods,L.ag_seeds,no,no,People engage in  cultivation as their livelihoods activities but there is NOT enough access to seeds!.,enumerator reported that ki has told him there are few  seeds for some households but not enough.,it is correct because question is asking enough seeds but people have access to seeds which is not enough. Let's keep it per ki statement..,,,,
eaf979d5-e496-4be0-ac6e-691d9cd4c101,Daniel,no_action,Livelihoods,L.ag_tools,no,no,People engage in  cultivation as their livelihoods activities but there is NOT enough access to tools!.,enumerator reported that ki has told him there are few  tools for some households but not enough.,it is correct because question is asking enough tools but people have access to tools which is not enough. Let's keep it per ki statement..,,,,
72266c76-4836-4752-a555-3aed109d651e,Daniel,no_action,Livelihoods,L.ag_tools,yes,yes,People engage in  cultivation as their livelihoods activities but there is NOT enough access to tools!.,enumerator reported that ki has told him there are few  tools for some households but not enough.,it is correct because question is asking enough tools but people have access to tools which is not enough. Let's keep it per ki statement..,,,,
eaf979d5-e496-4be0-ac6e-691d9cd4c101,Daniel,no_action,Livelihoods,L.ag_tools,no,no,People engage in  cultivation as their livelihoods activities but there is NOT enough access to tools!.,enumerator reported that ki has told him there are few  tools for some households but not enough.,it is correct because question is asking enough tools but people have access to tools which is not enough. Let's keep it per ki statement..,,,,
72266c76-4836-4752-a555-3aed109d651e,Daniel,no_action,Livelihoods,L.ag_tools,yes,yes,People engage in  cultivation as their livelihoods activities but there is NOT enough access to tools!.,enumerator reported that ki has told him there are few  tools for some households but not enough.,it is correct because question is asking enough tools but people have access to tools which is not enough. Let's keep it per ki statement..,,,,
d7c71ba7-c81d-49f3-a8a6-97d951ee4d1b,Daniel,no_action,Livelihoods,L.ag_tools,no,no,People engage in  cultivation as their livelihoods activities but there is NOT enough access to tools!.,enumerator reported that ki has told him there are few  tools for some households but not enough.,it is correct because question is asking enough tools but people have access to tools which is not enough. Let's keep it per ki statement..,,,,
e22ccf62-a76e-4646-ba33-c61119a57bdb,Daniel,no_action,Livelihoods,L.ag_tools,no,no,People engage in  cultivation as their livelihoods activities but there is NOT enough access to tools!.,enumerator reported that ki has told him there are few  tools for some households but not enough.,it is correct because question is asking enough tools but people have access to tools which is not enough. Let's keep it per ki statement..,,,,
dc633b21-0576-47b8-9a3d-009a868cb809,Daniel,no_action,Livelihoods,L.ag_tools,no,no,People engage in  cultivation as their livelihoods activities but there is NOT enough access to tools!.,enumerator reported that ki has told him there are few  tools for some households but not enough.,it is correct because question is asking enough tools but people have access to tools which is not enough. Let's keep it per ki statement..,,,,
089caabd-cb93-4bb5-815f-d3fb92d93c34,Daniel,no_action,Livelihoods,L.ag_tools,no,no,People engage in  cultivation as their livelihoods activities but there is NOT enough access to tools!.,enumerator reported that ki has told him there are few  tools for some households but not enough.,it is correct because question is asking enough tools but people have access to tools which is not enough. Let's keep it per ki statement..,,,,
8f1461f4-d415-4878-b92a-9ab5a66f68f5,Daniel,no_action,Livelihoods,L.ag_tools,no,no,People engage in  cultivation as their livelihoods activities but there is NOT enough access to tools!.,enumerator reported that ki has told him there are few  tools for some households but not enough.,it is correct because question is asking enough tools but people have access to tools which is not enough. Let's keep it per ki statement..,,,,
f966b862-d2bb-4844-8228-6cf217fbc06a,Daniel,no_action,Livelihoods,L.ag_tools,yes,yes,People engage in  cultivation as their livelihoods activities but there is NOT enough access to tools!.,enumerator reported that ki has told him there are few  tools for some households but not enough.,it is correct because question is asking enough tools but people have access to tools which is not enough. Let's keep it per ki statement..,,,,