uuid,Spotted_by,change_type,Sectors,indicator,Current_value,new_value,Issue,Enumerator comment,FO comment,AO comment,AM comment,GIS comment,Last Index
87cc8226-7ebb-40db-a194-5a64381cab16,Michael,no_action,Population,F.hc_now,no,no,The eneumerator noted that there are no host community in the area ,Abayok is an IDP camp without host community ,Agreed and happy to maintain the value,,,,
2ce3d151-bd97-40f4-ab2e-acc1191530f7,Michael,no_action,Livelihoods,L.current_activities.livestock,no,no,The enumerator indicated that their current livelihood activity is livestock keeping yet people have no acccess to them,The livstocks has been taken to water catchment areas ,Agrred and am happy to mainatin the value ,,,,
e3ea18c7-103e-4285-adb8-c26e79093e2d,Michael,no_action,Livelihoods,L.current_activities.crops_for_sustenance,no,no,People engage in cultivation as livelihood activity but there is NOT enough access to seeds/tools.,People had seeds/tools but they were not enough,"Agreed, there has been a lots of reports about lack of enough seeds/tools across different settlements",,,,
7543811f-c4d7-470e-8c2b-c527074ec9fc,Michael,no_action,Livelihoods,L.current_activities.crops_for_sustenance,no,no,People engage in cultivation as livelihood activity but there is NOT enough access to seeds/tools.,,"Agreed, there has been a lots of reports about lack of enough seeds/tools across different settlements",,,,
70b0edef-455e-4d80-9853-1e12f59ee1ee,Michael,no_action,Livelihoods,L.current_activities.crops_for_sustenance,no,no,People engage in cultivation as livelihood activity but there is NOT enough access to seeds/tools.,,"Agreed, there has been a lots of reports about lack of enough seeds/tools across different settlements",,,,
40d7b3b8-0770-4a48-8f08-cbe4c2686e80,Michael,no_action,Livelihoods,L.current_activities.crops_for_sustenance,no,no,People engage in cultivation as livelihood activity but there is NOT enough access to seeds/tools.,,"Agreed, there has been a lots of reports about lack of enough seeds/tools across different settlements",,,,
a9cab687-d925-43d1-9a9f-efbbfc456d1b,Michael,no_action,Livelihoods,L.current_activities.crops_for_sustenance,no,no,People engage in cultivation as livelihood activity but there is NOT enough access to seeds/tools.,,"Agreed, there has been a lots of reports about lack of enough seeds/tools across different settlements",,,,
0b7a4c3c-3433-4fb5-bb51-fb6d3bc06c17,Michael,no_action,Livelihoods,L.current_activities.crops_for_sustenance,no,no,People engage in cultivation as livelihood activity but there is NOT enough access to seeds/tools.,,"Agreed, there has been a lots of reports about lack of enough seeds/tools across different settlements",,,,
1cc759b3-bf0c-487d-b100-4644715de2be,Michael,no_action,Livelihoods,L.current_activities.crops_for_sustenance,no,no,People engage in cultivation as livelihood activity but there is NOT enough access to seeds/tools.,,"Agreed, there has been a lots of reports about lack of enough seeds/tools across different settlements",,,,
e3ea18c7-103e-4285-adb8-c26e79093e2d,Michael,change_response,Livelihoods,L.cutlivation_yes_land_no,no,yes,People engage in cultivation  as livelihood activity but there is NO access to land.,"This was a clicking error, people have access to land for cultivation",I suggest the response to be changed since people have access to land in this settlement,,,,
8e524870-613d-4727-8b10-9c02bfbf7bd8,Michael,remove_survey,,,,,"Time is too short , it is 25 minutes ",The KI left in the middle of the interview ,I suggest to delete the survey ,,,,
2cf142b3-1468-4ad5-9d88-76fae6ec75bf,Michael,no_action,,,,,"Time is too short, it is 29 minutes ",This was the time taken by the KI interview ,I suggest to keep the survey ,,,,
e3ea18c7-103e-4285-adb8-c26e79093e2d,Michael,change_response,Livelihoods,L.cutlivation_yes_land_no,no,yes,People practiced crops for sustenance and don not have access to land ,"This was a clicking error, people have access to land for cultivation",I suggest the response to be changed since people have access to land in this settlement,,,,