﻿uuid,Spotted_by,change_type,Sectors,indicator,Current_value,new_value,Issue,Enumerator comment,FO comment,AO comment,AM comment,GIS comment,Last Index
3a11ff26-6992-4372-8a2f-85405cc93a0a,Leek Joseph,change_response,Protection,N.prot_now,yes,no,there are serious protection concern especailly to men and boys but enumerator select yes 'people feel safe all the time'.,"people always fear especially men and 
boys, they can't go far distance, as there was incident of killing last year and always targeted killing to men and boys.","yes, I agree ",Agreed,,,37
089cbc7b-96ce-4ce1-a03e-2d871492fc22,Leek Joseph,change_response,Livelihoods,L.current_activities.crops_for_sustenance,no,yes,currently community don't engage in crops for sustenance while their food source is from cultivation,"people cultivate last year and as such they are engaging in crop for sustenance as they 
feed on last season product. This was just clicking error","action to be 
taken",Agreed,,,90
32a464df-5e12-42d2-a31a-1a3b136f124c,Leek Joseph,change_response,Markets,U.market_now,no,yes,KI response that they get their food from market as they do buy food but there is no market available in the settlement,"there is market in nearby settlement, the residents 
do come to Abiriu and Cueibet town","change no_market 
to yes_market",Agreed ,,,82
daa15072-a689-46a8-95f2-912fb563dd8f,Leek Joseph,remove_survey,,,,,short survey need to be deleted,deletion should be done,delete the survey,Agreed,,,189
40a65028-a835-484b-a00d-4aeb649eab5a,Leek Joseph,no_action,Shelter,J.j1.hc_shelter_type1,permanent,permanent,"Host community shelters type are in 
permamanent shape","most of shelter type in Malual-kodi are in permanent 
type",no change,Agreed,,,367
c8bd3e17-6004-42b2-9b6b-ebd53efab334,Leek Joseph,no_action,Markets,U.market_now,no,no,"data shown that food source is from bought
while there is no market available in the settlement","in Karic settlement, there is no market but the nearby market community bought their food from is Rumbek town, most people comes to town",agree,Agreed,,,375
8c7d7f41-949d-4ce5-882b-fb29f7b3af77,Leek Joseph,blank_response,Livelihoods,L.current_activities.crops_for_sustenance,no,yes,people are not engaging in crop for sustenance moreover they cultivate last season.,"the KI was surely confusive, but later on I understood
 they are engaging in crop for sustenance as they feed on cultivates ",blank response as from AO directives,"blank response
' instead as this enumerator response is not definitive",,,376
fa67dbc9-9e8b-41e2-9126-ac6489f5d2e8,Leek Joseph,blank_response,Water_and_Sanitation,K.water_boreholes_functional,no,yes,"data indicate that there is no borehole in the 
settlement while community get clean 
drinking water from borehole. ","yes, there is borehole in the settlelment","change 
no_borehole to 
yes_borehole","blank response' 
as the enumerator response does not explain why the mistake was made",,,378
973ea30f-c238-4d00-8676-3836f7a8da8c,Leek Joseph,remove_survey,,,,,"duplicate survey, need to be deleted",deleted it,delete the survey,Good,,,380
2adb7d2b-ef06-41a0-b0f8-13a0787b4e44,Leek Joseph,no_action,Markets,U.market_now,no,no,"KI response that they get their food from 
market as they do buy food but there is no 
market available in the settlement","there is no functional market in Mabuui but people 
do come to Rumbek town that take more 2 hours",no change,Agreed,,,713
c19392e0-344e-491d-a82d-ef0889459bb7,Leek Joseph,remove_survey,Population,F.hc_now,no,yes,no population presence in the settlement,survey to be deleted,delete the survey,Agreed,,,1361
e169c8f2-e6bd-44e6-b233-521881176520,Leek Joseph,no_action,Water_and_Sanitation,K.water_boreholes_functional,no,no,"People are getting clean drinking from 
borehole when there is no functional 
borehole present in settlement","in most settlements, source of water is far from 
the origin settlements hence majority of people do get their clean drinking water from nearby settlements.",no change,Agreed,,,1360
da825c34-8a8c-48d7-a222-8d9fb63c5871,Leek Joseph,no_action,Markets,U.market_now,no,no,data shown that food source is from bought while there is no market available in the settlement,"currently, most people are buying their food from 
market where they get from far settlements, in 
this settlement there is present market that 
commuity could possiblly get food",no change,Agreed - but if there is a functioning market in the settlement then why did they put no functional market in the settlement. ,,,1460
748e45db-dee5-4b20-bc2a-4bd3892fdaac,Leek Joseph,no_action,Water_and_Sanitation,K.water_boreholes_functional,no,no,"People are getting clean drinking from 
borehole when there is no functional 
borehole present in settlement","there is no functional market in the settlement 
but people do come to Rumbek town that take 
more than 1 day",no change,Agreed,,,1461
367c775b-8b12-4a47-99fb-569700cb0023,Leek Joseph,no_action,Protection,N.prot_now,yes,yes,"there are serious protection concern 
especailly to men and boys but enumerator select yes 'people feel safe all the time'.","change response from yes people feel safe all 
the time to no safe feeling",change from yes to no,No action - the answers that the participant gives to the rest of the protection section does not merit changing their answer. ,,,1745
0e85a28c-20f0-46e6-8788-d38360a5ac72,Leek Joseph,no_action,Shelter,J.j1.hc_shelter_type1,permanent,permanent,"Host community shelters type are in 
permamanent shape",most of shelter type in Chuom-buol are in permanent type,"yes it true, no change",Agreed,,,585
4496930d-a101-4eaf-ad95-552a16caae01,Leek Joseph,no_action,Shelter,J.j1.hc_shelter_type1,permanent,permanent,"Host community shelters type are in 
permamanent shape",most of shelter type in  Madol-akoch are in permanent type,"yes it true, no change",Agreed,,,586
2b283113-f72a-4200-91ed-1b7a433939ac,Leek Joseph,no_action,Shelter,J.j1.hc_shelter_type1,permanent,permanent,"Host community shelters type are in 
permamanent shape",most of shelter type in Malual-Babare in permanent type,"yes it true, no change",Agreed,,,1747
edfac863-7aea-4cde-a748-3f6918c9de10,Leek Joseph,remove_survey,,,,,"this survey is less than 29 minutes, its very survey 
in nature",survey to be deleted,"yes, survey deleted",Good,,,42
7b172ef0-0773-4b90-998f-53d2a89a7236,Leek Joseph,remove_survey,,,,,"this survey is less than 29 minutes, its very survey 
in nature",survey to be deleted,"yes, survey deleted",Good,,,194
707a0d8e-9d96-4c5d-a794-b149858c1c9b,Leek Joseph,remove_survey,,,,,"this survey is less than 29 minutes, its very survey 
in nature",survey to be deleted,"yes, survey deleted",Good,,,837
d002a8f1-7b5c-4d0a-a6c1-1d80c94d0060,Leek Joseph,remove_survey,,,,,"this survey is less than 29 minutes, its very survey 
in nature",survey to be deleted,"yes, survey deleted",Good,,,1362
26c95961-dad7-4c6e-9d1b-9e4df60ffbeb,Leek Joseph,remove_survey,,,,,"this survey is less than 29 minutes, its very survey 
in nature",survey to be deleted,"yes, survey deleted",Good,,,85
8c7d7f41-949d-4ce5-882b-fb29f7b3af77,Leek Joseph,remove_survey,,,,,"this survey is less than 29 minutes, its very survey 
in nature",survey to be deleted,"yes, survey deleted",Good,,,376
016e1722-8ef9-4236-827c-00083d6c27b4,Leek Joseph,remove_survey,,,,,"this survey is less than 29 minutes, its very survey 
in nature",survey to be deleted,"yes, survey deleted",Good,,,39
ed918558-8a73-4825-8414-5d15686f633f,Leek Joseph,remove_survey,,,,,"this survey is less than 29 minutes, its very survey 
in nature",survey to be deleted,"yes, survey deleted",Good,,,79
b4d80eab-cfc3-4c53-9483-6f416f10d999,Leek Joseph,remove_survey,,,,,"this survey is less than 29 minutes, its very survey 
in nature",survey to be deleted,"yes, survey deleted",Good,,,379
eb29c50f-89e0-4c57-8614-cdb9867c0082,Leek Joseph,remove_survey,,,,,"this survey is less than 29 minutes, its very survey 
in nature",survey to be deleted,"yes, survey deleted",Good,,,479
1f37355a-9d3f-4cea-9b27-e39b70eac62e,Leek Joseph,remove_survey,,,,,"this survey is less than 29 minutes, its very survey 
in nature",survey to be deleted,"yes, survey deleted",Good,,,719
f9f4738f-882c-46c5-904b-c4b9b90eafb5,Leek Joseph,remove_survey,,,,,"this survey is less than 29 minutes, its very survey 
in nature",survey to be deleted,"yes, survey deleted",Good,,,1165