﻿uuid,Spotted_by,change_type,Sectors,indicator,Current_value,new_value,Issue,Enumerator comment,FO comment,AO comment,AM comment,GIS comment,Last Index
4fde6da6-124e-4019-9b6c-8efd8aff9f80,Daniel,no_action,Shelter,J.j1.hc_shelter_type1,permanent,permanent,enumerator said that most of host community are living in permanent building.,enumerator said that ki agree most of the host community are living in permanent building at their own_home in town.,FO checked it and found that most of the location sites are permanant building in town. It is true let's keep it.,Agreed,,,
537d6110-5566-41f2-a864-2ab8528b8ecb,Daniel,no_action,Shelter,J.j1.hc_shelter_type1,permanent,permanent,enumerator said that most of host community are living in permanent building.,enumerator said that ki agree most of the host community are living in permanent building at their own_home in town.,FO checked it and found that most of the location sites are permanant building in town. It is true let's keep it.,Agreed,,,
e4523b6f-3901-4513-b88b-1109e37bf440,Daniel,no_action,Shelter,J.j1.hc_shelter_type1,permanent,permanent,enumerator said that most of host community are living in permanent building.,enumerator said that ki agree most of the host community are living in permanent building at their own_home in town.,FO checked it and found that most of the location sites are permanant building in town. It is true let's keep it.,Agreed,,,
5c69ae63-f207-42aa-b7cb-4078324d355d,Daniel,no_action,Shelter,J.j1.hc_shelter_type1,permanent,permanent,enumerator said that most of host community are living in permanent building.,enumerator said that ki agree most of the host community are living in permanent building at their own_home in town.,FO checked it and found that most of the location sites are permanant building in town. It is true let's keep it.,Agreed,,,
28e060ae-066a-4296-806a-e9990663b3e8,Daniel,no_action,Shelter,J.j1.hc_shelter_type1,permanent,permanent,enumerator said that most of host community are living in permanent building.,enumerator said that ki agree most of the host community are living in permanent building at their own_home in town.,FO checked it and found that most of the location sites are permanant building in town. It is true let's keep it.,Agreed,,,
20d8e3d2-8760-46ba-8ad0-f92c049bfc68,Daniel,no_action,Shelter,J.j1.hc_shelter_type1,permanent,permanent,enumerator said that most of host community are living in permanent building.,enumerator said that ki agree most of the host community are living in permanent building at their own_home in town.,FO checked it and found that most of the location sites are permanant building in town. It is true let's keep it.,Agreed,,,
f811a159-b23e-41f2-b292-c248f0fcedfc,Daniel,no_action,Shelter,J.j1.hc_shelter_type1,permanent,permanent,enumerator said that most of host community are living in permanent building.,enumerator said that ki agree most of the host community are living in permanent building at their own_home in town.,FO checked it and found that most of the location sites are permanant building in town. It is true let's keep it.,Agreed,,,
84bf3133-55e9-495e-99df-cc2f8b9ad31e,Daniel,no_action,Shelter,J.j1.hc_shelter_type1,permanent,permanent,enumerator said that most of host community are living in permanent building.,enumerator said that ki agree most of the host community are living in permanent building at their own_home in town.,FO checked it and found that most of the location sites are permanant building in town. It is true let's keep it.,Agreed,,,
10583da1-f8f6-4bd0-a6ba-57c9641f2e99,Daniel,no_action,Shelter,J.j1.hc_shelter_type1,permanent,permanent,enumerator said that most of host community are living in permanent building.,enumerator said that ki agree most of the host community are living in permanent building at their own_home in town.,FO checked it and found that most of the location sites are permanant building in town. It is true let's keep it.,Agreed,,,
bd8f473a-e6ee-44e1-8e3b-84be62fdd147,Daniel,no_action,Shelter,J.j1.hc_shelter_type1,permanent,permanent,enumerator said that most of host community are living in permanent building.,enumerator said that ki agree most of the host community are living in permanent building at their own_home in town.,FO checked it and found that most of the location sites are permanant building in town. It is true let's keep it.,Agreed,,,
8fe7e30e-0e1b-4f72-8733-49a15b919dd8,Daniel,no_action,Shelter,J.j1.hc_shelter_type1,permanent,permanent,enumerator said that most of host community are living in permanent building.,enumerator said that ki agree most of the host community are living in permanent building at their own_home in town.,FO checked it and found that most of the location sites are permanant building in town. It is true let's keep it.,Agreed,,,
acee1554-df4e-4191-adbc-e52f55096ebb,Daniel,no_action,Shelter,J.j1.hc_shelter_type1,permanent,permanent,enumerator said that most of host community are living in permanent building.,enumerator said that ki agree most of the host community are living in permanent building at their own_home in town.,FO checked it and found that most of the location sites are permanant building in town. It is true let's keep it.,Agreed,,,
4fde6da6-124e-4019-9b6c-8efd8aff9f80,Daniel,no_action,Shelter,J.j2.idp_shelter_type1,permanent,permanent,enumerator said that idps are living in permanent building.,enumerator said that ki agree there are idps living in permanent building with host community at their own_home in town.,FO checked it and found that idps  location sites are permanant building sharing with hosts in town. It is true let's keep it.,Agreed,,,
537d6110-5566-41f2-a864-2ab8528b8ecb,Daniel,no_action,Shelter,J.j2.idp_shelter_type1,permanent,permanent,enumerator said that idps are living in permanent building.,enumerator said that ki agree there are idps living in permanent building with host community at their own_home in town.,FO checked it and found that idps  location sites are permanant building sharing with hosts in town. It is true let's keep it.,Agreed,,,
5f8ee934-6d0c-4329-8def-1aa6c8e21859,Daniel,no_action,Shelter,J.j1.hc_shelter_type1,permanent,permanent,enumerator said that most of host community are living in permanent building.,enumerator said that ki agree most of the host community are living in permanent building at their own_home in town.,FO checked it and found that most of the location sites are permanant building in town. It is true let's keep it.,Agreed,,,
a582b442-3c3f-4b88-85c2-d2b2fc2876ac,Daniel,no_action,Shelter,J.j1.hc_shelter_type1,permanent,permanent,enumerator said that most of host community are living in permanent building.,enumerator said that ki agree most of the host community are living in permanent building at their own_home in town.,FO checked it and found that most of the location sites are permanant building in town. It is true let's keep it.,Agreed,,,
c0f3ae79-7c1e-4024-a2e3-6166a96bfac0,Daniel,no_action,Shelter,J.j1.hc_shelter_type1,permanent,permanent,enumerator said that most of host community are living in permanent building.,enumerator said that ki agree most of the host community are living in permanent building at their own_home in town.,FO checked it and found that most of the location sites are permanant building in town. It is true let's keep it.,Agreed,,,
9a244e36-09f9-47db-b064-d89d1ffddbb3,Daniel,no_action,Shelter,J.j1.hc_shelter_type1,permanent,permanent,enumerator said that most of host community are living in permanent building.,enumerator said that ki agree most of the host community are living in permanent building at their own_home in town.,FO checked it and found that most of the location sites are permanant building in town. It is true let's keep it.,Agreed,,,
5a9d65a9-6bf7-480d-90ab-cdfd875726a5,Daniel,change_response,Food_Security,G.food_source,cultivation,bought,people source food from their own cultivation but don’t engage in crops for sustenance as the livelihoods,Enumerator said that I don`t know how it happened but what I remember is that the food source for this  settlement Ngobo which is within Wau town is bought with Cash according to Ki I gathered this information from.,"I agree, pLease GIS change the food source from cultivation to bougt with cash -the new value cloumns is not giving more option for changes.","If it is bought with cash, then this needs to be changed in the new value column please",,,
b3852fe8-e588-481d-b7a9-5b5d1bbc79e4,Daniel,no_action,Livelihoods,L.current_activities.livestock,no,no,people engage in livestock keeping as livelihoods activity  but don’t  possess cattle ,"enumerator said that ki told him they possess livestock eg. goats,sheep and chicken but don't own cattle",FO checked it and found they own livestocks exact. But livestock is different from cattle possesion because they can own goats and sheep but not cattle. Let's keep it.,Agreed,,,
2d9e75af-ac8e-48db-ada1-9bde59d21b30,Daniel,no_action,Livelihoods,L.current_activities.livestock,yes,yes,people engage in livestock keeping as livelihoods activity  but don’t  possess cattle ,"enumerator said that ki told him they possess livestock eg. goats,sheep and chicken but don't own cattle",FO checked it and found they own livestocks exact. But livestock is different from cattle possesion because they can own goats and sheep but not cattle. Let's keep it.,Agreed,,,
9eb52130-fdbe-42b4-b5ec-8a253267ed27,Daniel,no_action,Livelihoods,L.current_activities.livestock,no,no,people engage in livestock keeping as livelihoods activity  but don’t  possess cattle ,"enumerator said that ki told him they possess livestock eg. goats,sheep and chicken but don't own cattle",FO checked it and found they own livestocks exact. But livestock is different from cattle possesion because they can own goats and sheep but not cattle. Let's keep it.,Agreed,,,
95e66096-33bf-4676-9fe2-b81d67a544f8,Daniel,no_action,Livelihoods,L.current_activities.livestock,no,no,people engage in livestock keeping as livelihoods activity  but don’t  possess cattle ,"enumerator said that ki told him they possess livestock eg. goats,sheep and chicken but don't own cattle",FO checked it and found they own livestocks exact. But livestock is different from cattle possesion because they can own goats and sheep but not cattle. Let's keep it.,Agreed,,,
13372ea0-7635-4246-a3fa-94a899881b28,Daniel,no_action,Shelter,J.j1.hc_shelter_type1,permanent,permanent,enumerator said that most of host community are living in permanent building.,enumerator said that ki agree most of the host community are living in permanent building at their own_home in town.,FO checked it and found that most of the location sites are permanant building in town. It is true let's keep it.,Agreed,,,
6633005b-5ebf-4713-8b44-349b8f75c06b,Daniel,no_action,Shelter,J.j1.hc_shelter_type1,permanent,permanent,enumerator said that most of host community are living in permanent building.,enumerator said that ki agree most of the host community are living in permanent building at their own_home in town.,FO checked it and found that most of the location sites are permanant building in town. It is true let's keep it.,Agreed,,,
1f68853e-7595-4246-9daf-c68459e5dbc3,Daniel,no_action,Shelter,J.j1.hc_shelter_type1,permanent,permanent,enumerator said that most of host community are living in permanent building.,enumerator said that ki agree most of the host community are living in permanent building at their own_home in town.,FO checked it and found that most of the location sites are permanant building in town. It is true let's keep it.,Agreed,,,
61cf6a9f-31a4-48ba-990c-8dafd3ad09b4,Daniel,no_action,Shelter,J.j1.hc_shelter_type1,permanent,permanent,enumerator said that most of host community are living in permanent building.,enumerator said that ki agree most of the host community are living in permanent building at their own_home in town.,FO checked it and found that most of the location sites are permanant building in town. It is true let's keep it.,Agreed,,,
fbfb2474-fe99-4103-a895-124f6e4e912c,Daniel,no_action,Shelter,J.j1.hc_shelter_type1,permanent,permanent,enumerator said that most of host community are living in permanent building.,enumerator said that ki agree most of the host community are living in permanent building at their own_home in town.,FO checked it and found that most of the location sites are permanant building in town. It is true let's keep it.,Agreed,,,
ca0b74e1-7501-446b-82bf-ab0ae0846e73,Daniel,no_action,Shelter,J.j1.hc_shelter_type1,permanent,permanent,enumerator said that most of host community are living in permanent building.,enumerator said that ki agree most of the host community are living in permanent building at their own_home in town.,FO checked it and found that most of the location sites are permanant building in town. It is true let's keep it.,Agreed,,,
897ec0db-bca8-4686-a3a7-329bf02a1d5a,Daniel,no_action,Shelter,J.j1.hc_shelter_type1,permanent,permanent,enumerator said that most of host community are living in permanent building.,enumerator said that ki agree most of the host community are living in permanent building at their own_home in town.,FO checked it and found that most of the location sites are permanant building in town. It is true let's keep it.,Agreed,,,
4645d027-2873-46ac-b67c-416024fcf198,Daniel,no_action,Shelter,J.j1.hc_shelter_type1,permanent,permanent,enumerator said that most of host community are living in permanent building.,enumerator said that ki agree most of the host community are living in permanent building at their own_home in town.,FO checked it and found that most of the location sites are permanant building in town. It is true let's keep it.,Agreed,,,
57b94961-f540-4310-9bd1-a50ad728b0f8,Daniel,no_action,Shelter,J.j1.hc_shelter_type1,permanent,permanent,enumerator said that most of host community are living in permanent building.,enumerator said that ki agree most of the host community are living in permanent building at their own_home in town.,FO checked it and found that most of the location sites are permanant building in town. It is true let's keep it.,Agreed,,,
32015d40-ea0a-4955-8d95-5835c83624a2,Daniel,no_action,Shelter,J.j1.hc_shelter_type1,permanent,permanent,enumerator said that most of host community are living in permanent building.,enumerator said that ki agree most of the host community are living in permanent building at their own_home in town.,FO checked it and found that most of the location sites are permanant building in town. It is true let's keep it.,Agreed,,,
fd099287-ac46-4f24-9dd8-c43aa33b67bd,Daniel,no_action,Shelter,J.j1.hc_shelter_type1,permanent,permanent,enumerator said that most of host community are living in permanent building.,enumerator said that ki agree most of the host community are living in permanent building at their own_home in town.,FO checked it and found that most of the location sites are permanant building in town. It is true let's keep it.,Agreed,,,
a4331113-025a-4cb3-af66-76c7651f7441,Daniel,no_action,Shelter,J.j1.hc_shelter_type1,permanent,permanent,enumerator said that most of host community are living in permanent building.,enumerator said that ki agree most of the host community are living in permanent building at their own_home in town.,FO checked it and found that most of the location sites are permanant building in town. It is true let's keep it.,Agreed,,,
a85d0cfe-7d75-4ae2-ad0a-64b91e2d60fc,Wilson,no_action,Shelter,J.j1.hc_shelter_type1,permanent,permanent,main shelter type1 of host community is permanent,we have shared our local knowledge on this with all enumerators and we agree that ,,Agreed,,,
bec6014c-1641-4f78-bafe-bc6fb4e2effd,Wilson,no_action,Shelter,J.j1.hc_shelter_type1,permanent,permanent,main shelter type1 of host community is permanent, the hc shelter type1 in this settlement is permanent buidling according to enumertor and team local knowledge.,agree,Agreed,,,
c293da07-043c-48bc-8021-0d074d6c79af,Wilson,no_action,Shelter,J.j1.hc_shelter_type1,permanent,permanent,main shelter type1 of host community is permanent, the hc shelter type1 in this settlement is permanent buidling according to enumertor and team local knowledge.,agree,Agreed,,,
2602d1ac-957a-45a0-a08b-5cdec49b5347,Wilson,no_action,Shelter,J.j1.hc_shelter_type1,permanent,permanent,main shelter type1 of host community is permanent, the hc shelter type1 in this settlement is permanent buidling according to enumertor and team local knowledge.,agree,Agreed,,,
168ee697-bfdc-4512-8538-8e3599d888ec,Wilson,no_action,Shelter,J.j1.hc_shelter_type1,permanent,permanent,main shelter type1 of host community is permanent, the hc shelter type1 in this settlement is permanent buidling according to enumertor and team local knowledge.,agree,Agreed,,,
30571d79-d14b-489a-bb05-8ec6c9fbd2b5,Wilson,no_action,Shelter,J.j1.hc_shelter_type1,permanent,permanent,main shelter type1 of host community is permanent, the hc shelter type1 in this settlement is permanent buidling according to enumertor and team local knowledge.,agree,Agreed,,,
44015d18-c9a6-40ad-9924-af3197894133,Wilson,no_action,Shelter,J.j1.hc_shelter_type1,permanent,permanent,main shelter type1 of host community is permanent, the hc shelter type1 in this settlement is permanent buidling according to enumertor and team local knowledge.,agree,Agreed,,,
4560dc70-32d6-47c0-ab14-57641729a99e,Wilson,no_action,Shelter,J.j1.hc_shelter_type1,permanent,permanent,main shelter type1 of host community is permanent, the hc shelter type1 in this settlement is permanent buidling according to enumertor and team local knowledge.,agree,Agreed,,,
5ea9c5c7-3eab-40ba-8b74-0b7e19b9c81f,Wilson,no_action,Shelter,J.j1.hc_shelter_type1,permanent,permanent,main shelter type1 of host community is permanent, the hc shelter type1 in this settlement is permanent buidling according to enumertor and team local knowledge.,agree,Agreed,,,
291229ef-07fa-4fdb-8844-18c1670e9f3e,Wilson,no_action,Shelter,J.j1.hc_shelter_type1,permanent,permanent,main shelter type1 of host community is permanent, the hc shelter type1 in this settlement is permanent buidling according to enumertor and team local knowledge.,agree,Agreed,,,
e795b4dd-8156-4253-8d96-5ef4d03599be,Wilson,no_action,Shelter,J.j1.hc_shelter_type1,permanent,permanent,main shelter type1 of host community is permanent, the hc shelter type1 in this settlement is permanent buidling according to enumertor and team local knowledge.,agree,Agreed,,,
427a9e70-72b7-4f0f-8aae-e79d65eb2aa2,Wilson,no_action,Shelter,J.j1.hc_shelter_type1,permanent,permanent,main shelter type1 of host community is permanent, the hc shelter type1 in this settlement is permanent buidling according to enumertor and team local knowledge.,agree,Agreed,,,
4e4103dd-5e49-48e9-82cd-d14a156254a9,Wilson,no_action,Shelter,J.j1.hc_shelter_type1,permanent,permanent,main shelter type1 of host community is permanent, the hc shelter type1 in this settlement is permanent buidling according to enumertor and team local knowledge.,agree,Agreed,,,
3e13c3d7-02d6-4996-b040-2198dea2cf73,Wilson,no_action,Shelter,J.j1.hc_shelter_type1,permanent,permanent,main shelter type1 of host community is permanent, the hc shelter type1 in this settlement is permanent buidling according to enumertor and team local knowledge.,agree,Agreed,,,
9ca7cf9f-62e6-45b8-9efb-ae9ac8c2b52a,Wilson,no_action,Shelter,J.j1.hc_shelter_type1,permanent,permanent,main shelter type1 of host community is permanent, the hc shelter type1 in this settlement is permanent buidling according to enumertor and team local knowledge.,agree,Agreed,,,
0377aca7-b457-4573-b0a1-51bb152d6087,Wilson,no_action,Shelter,J.j1.hc_shelter_type1,permanent,permanent,main shelter type1 of host community is permanent, the hc shelter type1 in this settlement is permanent buidling according to enumertor and team local knowledge.,agree,Agreed,,,
2a935cd9-847c-4f4b-b0b7-b5b7a1856d43,Wilson,no_action,Shelter,J.j1.hc_shelter_type1,permanent,permanent,main shelter type1 of host community is permanent, the hc shelter type1 in this settlement is permanent buidling according to enumertor and team local knowledge.,agree,Agreed,,,
8fd763f2-f0b5-454f-b2b1-2f516cca43d3,Wilson,no_action,Shelter,J.j1.hc_shelter_type1,permanent,permanent,main shelter type1 of host community is permanent, the hc shelter type1 in this settlement is permanent buidling according to enumertor and team local knowledge.,agree,Agreed,,,
ec6baecd-9373-467b-836f-13bebe21df9a,Wilson,no_action,Shelter,J.j1.hc_shelter_type1,permanent,permanent,main shelter type1 of host community is permanent, the hc shelter type1 in this settlement is permanent buidling according to enumertor and team local knowledge.,agree,Agreed,,,
98b50b2b-1d88-46fd-a825-eb352432954f,Wilson,no_action,Shelter,J.j1.hc_shelter_type1,permanent,permanent,main shelter type1 of host community is permanent, the hc shelter type1 in this settlement is permanent buidling according to enumertor and team local knowledge.,agree,Agreed,,,
1592bc3b-6382-476e-bc33-86e03984442c,Wilson,no_action,Shelter,J.j1.hc_shelter_type1,permanent,permanent,main shelter type1 of host community is permanent, the hc shelter type1 in this settlement is permanent buidling according to enumertor and team local knowledge.,agree,Agreed,,,
a5420b6f-355d-4de5-8938-7c9c2d9cfbf2,Wilson,no_action,Shelter,J.j1.hc_shelter_type1,permanent,permanent,main shelter type1 of host community is permanent, the hc shelter type1 in this settlement is permanent buidling according to enumertor and team local knowledge.,agree,Agreed,,,
8000fc91-63b1-440b-acd7-9082bc9722a9,Wilson,no_action,Shelter,J.j1.hc_shelter_type1,permanent,permanent,main shelter type1 of host community is permanent, the hc shelter type1 in this settlement is permanent buidling according to enumertor and team local knowledge.,agree,Agreed,,,
2270d115-7493-47f4-ba5a-5409d73092cb,Wilson,no_action,Shelter,J.j1.hc_shelter_type1,permanent,permanent,main shelter type1 of host community is permanent, the hc shelter type1 in this settlement is permanent buidling according to enumertor and team local knowledge.,agree,Agreed,,,
0f422b04-9356-4195-82cf-baa293c15a5a,Wilson,no_action,Food_Security,G.food_coping_comsumption.skip_days,yes,yes,there is enough food but people are applying extrems copying strategies like skiping days,"Ki told enumerator that only few people apply this etreme food copying strategy skiping days as she was probing. Also enumerator said that the questions is asking how did ""ANY"" person cope when there is not enough food, this could be one person, two or three and so on.",agree,Agreed,,,
bec6014c-1641-4f78-bafe-bc6fb4e2effd,Wilson,no_action,Food_Security,G.food_wild_proportion,more_half,more_half,More than half of meals included wild foods is being eaten but people eat three meals per day. Why people are foraging as if they have no enough food?,enuerator said that Ki told him that people eat wild food as part of main meal even if they have enough food.,agree,"I think for now we keep, but flag this area on this topic for forms coming in the coming week. ",,,
1b9677f0-1ef4-4970-ae9f-aa2934ef10b0,Wilson,no_action,Shelter,J.j1.hc_shelter_type1,permanent,permanent,main shelter type1 of host community in Wau Jebel Kheir is permanent,,agree,Agreed,,,
38ebfc51-2207-4d54-ad2d-417680347c70,Wilson,no_action,Shelter,J.j1.hc_shelter_type1,permanent,permanent,main shelter type1 of host community in Wau Hai  is Kereich permanent and Idps are living with hc community ,,agree,Agreed,,,
b6f048f2-90f2-44dc-9ada-bec6660f332d,Wilson,no_action,Shelter,J.j1.hc_shelter_type1,permanent,permanent,main shelter type1 of host community in Wau Hai Jau is permanent  ,,agree,Agreed,,,
0eda8655-1340-4192-b9fc-b8bfc23299ab,Wilson,no_action,Shelter,J.j1.hc_shelter_type1,permanent,permanent,main shelter type1 of host community in Wau Hai Salaam is permanent  ,,agree,Agreed,,,
dfce102c-b90e-4eec-9767-e344c069515d,Wilson,no_action,Shelter,J.j1.hc_shelter_type1,permanent,permanent,main shelter type1 of host community in Wau Hai Kosti  is permanent  ,,agree,Agreed,,,
39f73798-4ab0-48a5-a5ca-3aaa0bb39040,Wilson,no_action,Shelter,J.j1.hc_shelter_type1,permanent,permanent,main shelter type1 of host community in Wau Hai Ngobo is permanent  ,,agree,Agreed,,,
db939103-1589-4c59-9256-77b84399eac8,Wilson,no_action,Shelter,J.j1.hc_shelter_type1,permanent,permanent,main shelter type1 of host community in Wau Hai Engazii is permanent  ,,agree,Agreed,,,
3eab71ba-8b3a-4655-97b7-69d3b9d6b91b,Wilson,no_action,Shelter,J.j1.hc_shelter_type1,permanent,permanent,main shelter type1 of host community in Wau Hai Engazii is permanent  ,,agree,Agreed,,,
d72aa0ff-9f7c-4443-87cf-f5962b98d972,Wilson,no_action,Shelter,J.j1.hc_shelter_type1,permanent,permanent,main shelter type1 of host community in Raja Hai Suk is permanent  ,,agree,Agreed,,,
df09bf32-0cb8-418f-a4b2-bf91dd238f3b,Wilson,no_action,Shelter,J.j1.hc_shelter_type1,permanent,permanent,main shelter type1 of host community in Wau Bazia Jedid  is permanent  ,,agree,Agreed,,,
b5cd0818-9a79-43cb-ab1b-003555a0b35a,Wilson,no_action,Shelter,J.j1.hc_shelter_type1,permanent,permanent,main shelter type1 of host community in Wau Hai Kalavario is permanent  ,,agree,Agreed,,,
a743dee6-ff0d-40d8-9c61-de8ca5241e45,Wilson,no_action,Shelter,J.j1.hc_shelter_type1,permanent,permanent,main shelter type1 of host community in Jur river Eastern Bank  is permanent  ,,agree,Agreed,,,
7e9716c5-1a74-4d4b-a170-b723caf1bad5,Wilson,no_action,Shelter,J.j1.hc_shelter_type1,permanent,permanent,main shelter type1 of host community in Raja Hai Salaam  is permanent  ,,agree,Agreed,,,
c99b4108-49a7-40c7-b03d-88a2a33a76ca,Wilson,no_action,Shelter,J.j1.hc_shelter_type1,permanent,permanent,main shelter type1 of host community in Wau Hai Musteshfa A  is permanent  ,,agree,Agreed,,,
6e64b9aa-4f09-4bfb-89ac-de4667c09457,Wilson,no_action,Shelter,J.j1.hc_shelter_type1,permanent,permanent,main shelter type1 of host community in Wau Jebel Kheir  is permanent  ,,agree,Agreed,,,
f50f4842-60c0-461e-860a-e4be58c94ee7,Wilson,no_action,Shelter,J.j1.hc_shelter_type1,permanent,permanent,main shelter type1 of host community in Wau Hai Jezira  is permanent  ,,agree,Agreed,,,
a0363994-0a2d-41ce-92f6-e9b3423e6751,Wilson,no_action,Shelter,J.j1.hc_shelter_type1,permanent,permanent,main shelter type1 of host community in Wau Hai Bafara  is permanent  ,,agree,Agreed,,,
f3d47d4c-b5d7-474a-8033-69912b80622a,Wilson,no_action,Shelter,J.j1.hc_shelter_type1,permanent,permanent,main shelter type1 of host community in Raja Hai Managa A  is permanent  ,,agree,Agreed,,,
12f7833e-6cfd-4c69-8f85-01d20b023823,Wilson,no_action,Shelter,J.j1.hc_shelter_type1,permanent,permanent,main shelter type1 of host community in Wau Hai Bafara  is permanent  ,,agree,Agreed,,,
9fd7df91-64ac-435d-943f-455710955c2f,Wilson,no_action,Shelter,J.j1.hc_shelter_type1,permanent,permanent,main shelter type1 of host community in Wau Hai Zande is permanent  ,,agree,Agreed,,,
c60aba48-4aba-44f4-9258-5ffb84511683,Wilson,no_action,Shelter,J.j1.hc_shelter_type1,permanent,permanent,main shelter type1 of host community in Wau Hai Jau  is permanent  ,,agree,Agreed,,,
f5423e52-c3fb-4f09-801e-3b0cec26e936,Wilson,no_action,Shelter,J.j1.hc_shelter_type1,permanent,permanent,main shelter type1 of host community in Wau Hai Muzifin  is permanent  ,,agree,Agreed,,,
80e81b15-8869-4ade-8f8a-a29bb7fcdac9,Wilson,no_action,Shelter,J.j1.hc_shelter_type1,permanent,permanent,main shelter type1 of host community in Wau Masna  is permanent  ,,agree,Agreed,,,
80117c1b-4fa2-42e8-8e10-78a3a837f88d,Wilson,no_action,Shelter,J.j1.hc_shelter_type1,permanent,permanent,main shelter type1 of host community in Wau Hai Mutamadia  is permanent  ,,agree,Agreed,,,
ecafcf91-93e8-4751-9b21-73ba15482c9d,Wilson,no_action,Shelter,J.j1.hc_shelter_type1,permanent,permanent,main shelter type1 of host community in Wau Hai Musteshfa  is permanent  ,,agree,Agreed,,,
90ba2ca8-87b7-42c6-93bb-aee6e520fe52,Wilson,no_action,Shelter,J.j1.hc_shelter_type1,permanent,permanent,main shelter type1 of host community in Wau Hai Kosti is permanent  ,,agree,Agreed,,,
898485b1-1807-4331-a3d2-b18e26c695b9,Wilson,no_action,Livelihoods,L.current_activities.livestock,yes,yes,people are engage in livestock keeping as livelihood activities Jur river Dikut settlement but don`t possesses cattle.,"Ki told enumerator  that no one is possessing cattle  in Dikut  Settlement in Jur river, but what the settlement possesses are chickens and goats",agree,Agreed,,,