uuid,Spotted_by,change_type,Sectors,indicator,Current_value,new_value,Issue,Enumerator comment,FO comment,AO comment,AM comment,GIS comment,Last Index
6f5eaf2c-dcde-4fae-987b-0918acc3bb1b,Wilson,change_response,Protection,N.prot_men_concern,forced_recruit,none,most people are feeling safe but there is force recruit for men in the settlment.,Ki was refering to last year recruitement,"change force reccuit to ""none""",Please change to none,,,
19ca3353-0647-40c9-9136-2481bfcc911a,Wilson,no_action,Livelihoods,L.food_coping_livelihoods.gather_wild_food,yes,yes,settlement has good access to food but adopting collecting wildfoods,This was only a small part of the settlement adopting wild food collection,The wild food is being used as a part  of the main meal in the settlement,Agreed,,,
19ca3353-0647-40c9-9136-2481bfcc911a,Wilson,no_action,Livelihoods,L.food_coping_livelihoods.gather_firewood,yes,yes,settlement has good access to food but adopting gathering fireword ," this is not signifcance, it was only small proportion of the population adopting firewood collection..",Agreed,Agreed,,,
19ca3353-0647-40c9-9136-2481bfcc911a,Wilson,no_action,Livelihoods,L.food_coping_livelihoods.sell_livestock,yes,yes,settlement has good access to food but adopting selling livestock,This was only a small part of the settlement adopting selling livestock,Agreed,Agreed,,,
1619b5fc-6fad-4e60-ac1a-c5b59af38c1d,Wilson,no_action,Livelihoods,L.food_coping_livelihoods.borrow_food,yes,yes,"settlement has enough food, but adopting  borrowing food",this was only small part of the population practicsing borrowing food.,Agreed,Agreed,,,
1619b5fc-6fad-4e60-ac1a-c5b59af38c1d,Wilson,no_action,Livelihoods,L.food_coping_livelihoods.gather_firewood,yes,yes,settlement has good access to food but adopting gathering fireword ,this was only small part of the population gathering firewood,Agreed,Agreed,,,
1619b5fc-6fad-4e60-ac1a-c5b59af38c1d,Wilson,no_action,Livelihoods,L.food_coping_livelihoods.sell_livestock,yes,yes,settlement has good access to food but adopting selling livestock,only small proportion of the population seling livestock,Agreed,Agreed,,,
8d89bb03-25ce-40fd-ae16-0b17a0805822,Wilson,no_action,Livelihoods,L.food_coping_livelihoods.gather_wild_food,yes,yes,settlement has good access to food but adopting gathering wild food.,This was only a small part of the settlement adopting wild food collection,Agreed,Agreed,,,
8d89bb03-25ce-40fd-ae16-0b17a0805822,Wilson,no_action,Livelihoods,L.food_coping_livelihoods.gather_firewood,yes,yes,settlement has good access to food but adopting gathering firewood,this was only small part of the population gathering firewood,Agreed,Agreed,,,
8d89bb03-25ce-40fd-ae16-0b17a0805822,Wilson,no_action,Livelihoods,L.food_coping_livelihoods.sell_livestock,yes,yes,settlement has good access to food but adopting selling livestock,only small proportion of the population are adopting fishing.,Agreed,Agreed,,,
8d89bb03-25ce-40fd-ae16-0b17a0805822,Wilson,no_action,Livelihoods,L.food_coping_livelihoods.fishing,yes,yes,settlement has good access to food but adopting fishing.,only small proportion of the population seling livestock,Agreed,Agreed,,,
16b7410f-1998-4de0-b2c9-c48605bd555e,Wilson,no_action,Livelihoods,L.food_coping_livelihoods.borrow_food,yes,yes,settlement has good access to food but adopting food borrowing.,this was only small part of the population practicsing borrowing food.,Agreed,Agreed,,,
16b7410f-1998-4de0-b2c9-c48605bd555e,Wilson,no_action,Livelihoods,L.food_coping_livelihoods.gather_wild_food,yes,yes,settlement has good access to food but adopting gathering wild food.,This was only a small part of the settlement adopting wild food collection,Agreed,Agreed,,,
16b7410f-1998-4de0-b2c9-c48605bd555e,Wilson,no_action,Livelihoods,L.food_coping_livelihoods.household_begs,yes,yes,settlement has good access to food but adopting household begging,This was only a small part of the settlement adopting household begging,Agreed,Agreed,,,
16b7410f-1998-4de0-b2c9-c48605bd555e,Wilson,no_action,Livelihoods,L.food_coping_livelihoods.sell_home_assets,yes,yes,settlement has good access to food but adopting selling home assets,This was only a small part of the settlement adopting selling home assets,Agreed,Agreed,,,
be983aaf-ee96-400b-ab92-5bba0ffcadd5,Wilson,no_action,Livelihoods,L.food_coping_livelihoods.gather_wild_food,yes,yes,settlement has good access to food but adopting gathering wild food.,This was only a small part of the settlement adopting wild food collection,Agreed,Agreed,,,
be983aaf-ee96-400b-ab92-5bba0ffcadd5,Wilson,no_action,Livelihoods,L.food_coping_livelihoods.gather_firewood,yes,yes,settlement has good access to food but adopting collecting firwood,this was only small part of the population gathering firewood,Agreed,Agreed,,,
be983aaf-ee96-400b-ab92-5bba0ffcadd5,Wilson,no_action,Livelihoods,L.food_coping_livelihoods.consume_seeds,yes,yes,settlement has good access to food but adopting consumed seeds for next season.,this was only small part of the population adopting consuming seeds which were kept for next seasons,Agreed,Agreed,,,
be983aaf-ee96-400b-ab92-5bba0ffcadd5,Wilson,no_action,Livelihoods,L.food_coping_livelihoods.sell_livestock,yes,yes,settlement has good access to food but adopting selling livestock,only small proportion of the population seling livestock,Agreed,Agreed,,,
e390a412-bdc2-45e5-b874-1112328fea66,samia,no_action,Livelihoods,L.current_activities.crops_for_sustenance,yes,yes,People source most food from own cultivation but do NOT engage in crops for sustenance as livelihoods activity.,they have store their last year crops for next season and used different activities in last month,They have used different activites  in the last month because they kept their storage for,Agreed,,,
e390a412-bdc2-45e5-b874-1112328fea66,samia,no_action,Livelihoods,L.ag_seeds,yes,yes,People engage in cultivation as livelihood activity but there is NOT enough access to seeds.,",there can be less seeds and tools but people still cultivate said by the enumerator,however they might have borrowed from friends",Agreed,Agreed,,,
71d649e2-f670-46ad-a54c-4e6220509a4d,samia,no_action,Livelihoods,L.ag_seeds,yes,yes,People engage in cultivation as livelihood activity but there is NOT enough access to seeds.,",there can be less seeds and tools but people still cultivate said by the enumerator,however they might have borrowed from friends",Agreed,Agreed,,,
e390a412-bdc2-45e5-b874-1112328fea66,samia,no_action,Livelihoods,L.ag_tools,yes,yes,People engage in cultivation as livelihood activity but there is NOT enough access to tools.,",there can be less seeds and tools but people still cultivate said by the enumerator,however they might have borrowed from friends",Agreed,Agreed,,,
1933256b-4c7a-48d7-bad6-a88db0553490,samia,no_action,Population,F.f1.hc_remain_perc,more_half,more_half,Enumerator is slecting same option all time  while were collect information from different Kis coming from different settlement.,"enumerator said, she has prove a lot on this section but kis still bring same answer that more than half still remain in their homes."," .According to local knowledge,more than half remains in the settlements.because few people were displaced.No change",If this has been checked twice with the enumerator we can leave as is. ,,,
6f5eaf2c-dcde-4fae-987b-0918acc3bb1b,samia,no_action,Population,F.f1.hc_remain_perc,more_half,more_half,Enumerator is slecting same option all time  while were collect information from different Kis coming from different settlement.,"enumerator said, she has prove a lot on this section but kis still bring same answer that more than half still remain in their homes."," .According to local knowledge,more than half remains in the settlements.because few people were displaced.No change",If this has been checked twice with the enumerator we can leave as is. ,,,
23f63735-6ea3-4d05-a17f-ee2ef8ba955f,samia,no_action,Population,F.f1.hc_remain_perc,more_half,more_half,Enumerator is slecting same option all time  while were collect information from different Kis coming from different settlement.,"enumerator said, she has prove a lot on this section but kis still bring same answer that more than half still remain in their homes."," .According to local knowledge,more than half remains in the settlements.because few people were displaced.No change",If this has been checked twice with the enumerator we can leave as is. ,,,
1619b5fc-6fad-4e60-ac1a-c5b59af38c1d,samia,no_action,Population,F.f1.hc_remain_perc,more_half,more_half,Enumerator is slecting same option all time  while were collect information from different Kis coming from different settlement.,"enumerator said, she has prove a lot on this section but kis still bring same answer that more than half still remain in their homes."," .According to local knowledge,more than half remains in the settlements.because few people were displaced.No change",If this has been checked twice with the enumerator we can leave as is. ,,,
ae0dc114-f297-43a8-9d87-525c4eacaac5,samia,no_action,Population,F.f1.hc_remain_perc,more_half,more_half,Enumerator is slecting same option all time  while were collect information from different Kis coming from different settlement.,"enumerator said, she has prove a lot on this section but kis still bring same answer that more than half still remain in their homes."," .According to local knowledge,more than half remains in the settlements.because few people were displaced.No change",If this has been checked twice with the enumerator we can leave as is. ,,,
9b1568e5-04eb-4ff5-8926-3636a4d286c5,samia,no_action,Population,F.f1.hc_remain_perc,more_half,more_half,Enumerator is slecting same option all time  while were collect information from different Kis coming from different settlement.,"enumerator said, she has prove a lot on this section but kis still bring same answer that more than half still remain in their homes."," .According to local knowledge,more than half remains in the settlements.because few people were displaced.No change",If this has been checked twice with the enumerator we can leave as is. ,,,
ed4b2195-565c-4472-9085-17d76eade949,samia,no_action,Population,F.f1.hc_remain_perc,more_half,more_half,Enumerator is slecting same option all time  while were collect information from different Kis coming from different settlement.,"enumerator said, she has prove a lot on this section but kis still bring same answer that more than half still remain in their homes."," .According to local knowledge,more than half remains in the settlements.because few people were displaced.No change",If this has been checked twice with the enumerator we can leave as is. ,,,
e390a412-bdc2-45e5-b874-1112328fea66,samia,no_action,Population,F.f1.hc_remain_perc,more_half,more_half,Enumerator is slecting same option all time  while were collect information from different Kis coming from different settlement.,"enumerator said, she has prove a lot on this section but kis still bring same answer that more than half still remain in their homes."," .According to local knowledge,more than half remains in the settlements.because few people were displaced.No change",If this has been checked twice with the enumerator we can leave as is. ,,,
f6a55e70-3dca-4584-87de-8888fae9fa62,samia,no_action,Population,F.f1.hc_remain_perc,more_half,more_half,Enumerator is slecting same option all time  while were collect information from different Kis coming from different settlement.,"enumerator said, she has prove a lot on this section but kis still bring same answer that more than half still remain in their homes."," .According to local knowledge,more than half remains in the settlements.because few people were displaced.No change",If this has been checked twice with the enumerator we can leave as is. ,,,
86277824-f51e-4445-b8a3-11104ea62837,samia,no_action,Population,F.f1.hc_remain_perc,more_half,more_half,Enumerator is slecting same option all time  while were collect information from different Kis coming from different settlement.,"enumerator said, she has prove a lot on this section but kis still bring same answer that more than half still remain in their homes."," .According to local knowledge,more than half remains in the settlements.because few people were displaced.No change",If this has been checked twice with the enumerator we can leave as is. ,,,
69303d7c-a39e-45cf-8852-4c20affc4023,samia,no_action,Population,F.f1.hc_remain_perc,more_half,more_half,Enumerator is slecting same option all time  while were collect information from different Kis coming from different settlement.,"enumerator said, she has prove a lot on this section but kis still bring same answer that more than half still remain in their homes."," .According to local knowledge,more than half remains in the settlements.because few people were displaced.No change",If this has been checked twice with the enumerator we can leave as is. ,,,
3e80d1fa-33e0-4a62-8658-524c6ea16ae4,samia,no_action,Population,F.f1.hc_remain_perc,more_half,more_half,Enumerator is slecting same option all time  while were collect information from different Kis coming from different settlement.,"enumerator said, she has prove a lot on this section but kis still bring same answer that more than half still remain in their homes."," .According to local knowledge,more than half remains in the settlements.because few people were displaced.No change",If this has been checked twice with the enumerator we can leave as is. ,,,
e26082a5-4327-4ac9-9f1d-5f64d45e5c7e,samia,no_action,Population,F.f1.hc_remain_perc,more_half,more_half,Enumerator is slecting same option all time  while were collect information from different Kis coming from different settlement.,"enumerator said, she has prove a lot on this section but kis still bring same answer that more than half still remain in their homes."," .According to local knowledge,more than half remains in the settlements.because few people were displaced.No change",If this has been checked twice with the enumerator we can leave as is. ,,,
5ce6616f-5cce-47a1-a035-ac6c6bc4ddc7,samia,no_action,Population,F.f1.hc_remain_perc,more_half,more_half,Enumerator is slecting same option all time  while were collect information from different Kis coming from different settlement.,"enumerator said, she has prove a lot on this section but kis still bring same answer that more than half still remain in their homes."," .According to local knowledge,more than half remains in the settlements.because few people were displaced.No change",If this has been checked twice with the enumerator we can leave as is. ,,,
110689f4-8150-4a49-a36a-bbf3b3556fce,samia,no_action,Population,F.f1.hc_remain_perc,more_half,more_half,Enumerator is slecting same option all time  while were collect information from different Kis coming from different settlement.,"enumerator said, she has prove a lot on this section but kis still bring same answer that more than half still remain in their homes."," .According to local knowledge,more than half remains in the settlements.because few people were displaced.No change",If this has been checked twice with the enumerator we can leave as is. ,,,
c3b9587f-08ea-4bc5-973c-3a764b76db77,samia,no_action,Population,F.f1.hc_remain_perc,more_half,more_half,Enumerator is slecting same option all time  while were collect information from different Kis coming from different settlement.,"enumerator said, she has prove a lot on this section but kis still bring same answer that more than half still remain in their homes."," .According to local knowledge,more than half remains in the settlements.because few people were displaced.No change",If this has been checked twice with the enumerator we can leave as is. ,,,
077693e5-7f05-4d81-83a5-9c9616f24be5,samia,no_action,Population,F.f1.hc_remain_perc,more_half,more_half,Enumerator is slecting same option all time  while were collect information from different Kis coming from different settlement.,"enumerator said, she has prove a lot on this section but kis still bring same answer that more than half still remain in their homes."," .According to local knowledge,more than half remains in the settlements.because few people were displaced.No change",If this has been checked twice with the enumerator we can leave as is. ,,,
3b66c8e7-8b16-4398-9701-8aca9529e940,samia,no_action,Population,F.f1.hc_remain_perc,more_half,more_half,Enumerator is slecting same option all time  while were collect information from different Kis coming from different settlement.,"enumerator said, she has prove a lot on this section but kis still bring same answer that more than half still remain in their homes."," .According to local knowledge,more than half remains in the settlements.because few people were displaced.No change",If this has been checked twice with the enumerator we can leave as is. ,,,
a9d08d95-bf46-46c5-a5e4-43a2c43d92af,samia,no_action,Population,F.f1.hc_remain_perc,more_half,more_half,Enumerator is slecting same option all time  while were collect information from different Kis coming from different settlement.,"enumerator said, she has prove a lot on this section but kis still bring same answer that more than half still remain in their homes."," .According to local knowledge,more than half remains in the settlements.because few people were displaced.No change",If this has been checked twice with the enumerator we can leave as is. ,,,
be8c2b54-a8d6-4e1e-824c-784e7e097b9f,samia,no_action,Population,F.f1.hc_remain_perc,more_half,more_half,Enumerator is slecting same option all time  while were collect information from different Kis coming from different settlement.,"enumerator said, she has prove a lot on this section but kis still bring same answer that more than half still remain in their homes."," .According to local knowledge,more than half remains in the settlements.because few people were displaced.No change",If this has been checked twice with the enumerator we can leave as is. ,,,
52f4e982-84dd-48a0-9840-5ed5198bb4a0,samia,no_action,Population,F.f1.hc_remain_perc,more_half,more_half,Enumerator is slecting same option all time  while were collect information from different Kis coming from different settlement.,"enumerator said, she has prove a lot on this section but kis still bring same answer that more than half still remain in their homes."," .According to local knowledge,more than half remains in the settlements.because few people were displaced.No change",If this has been checked twice with the enumerator we can leave as is. ,,,
19117a72-d63e-4eb3-b1a0-82ccf1d3e332,samia,no_action,population,F.f1.hc_remain_perc,more_half,more_half,Enumerator is slecting same option all time  while were collect information from different Kis coming from different settlement.,"enumerator said, she has prove a lot on this section but kis still bring same answer that more than half still remain in their homes."," .According to local knowledge,more than half remains in the settlements.because few people were displaced.No change",If this has been checked twice with the enumerator we can leave as is. ,,,
3e92817b-fc3e-4784-8436-437790a8fac9,samia,change_response,Population,F.hc_now,no,yes,No host community presentedin this settlement,"He said, I  misselceted no for host community in the settlement but ki told me there are host communities in this settlement.please change ""no"" to yes for host community in the sttlement",change No to yes for host community,"Agreed, please change. ",,,
9d43c484-9e02-4a5c-a375-4f0f7797ce45,Samia,no_action,Livelihoods,L.ag_seeds,yes,yes,People engage in cultivation as livelihood activity but there is NOT enough access to seeds/tools,",there can be less seeds and tools but people still cultivate said by the enumerator,however they might have borrowed from friends",NO change,Agreed,,,