﻿uuid,Spotted_by,change_type,Sectors,indicator,Current_value,new_value,Issue,Enumerator comment,FO comment,AO comment,AM comment,GIS comment,Last Index
f8feea2f-f8b5-46cb-b7b0-56718f29ed16,Cyrillo,no_action,Population,F.f3.idp_county,Nagero,,"Selected ""Nagero"" as the source of IDP returnees in Nambia_One (Tambura County), which seems unlikely as people in Tambura didn't run to Nagero, can the enumerator explain",There was an issue that happened towards December and people ran to Nagero and in the last month they started returning back to Nambia_One,"This makes sense, happy for the value to remain",Agree,,,
a67c6ab8-67a9-4059-a2ad-bed29b53bfac,Cyrillo,no_action,Population,F.f3.idp_county,Nagero,,"Selected ""Nagero"" as the source of IDP returnees in St._Mary_Line_buna (Tambura County), which seems unlikely as people in Tambura didn't run to Nagero, can the enumerator explain",There was an issue that happened towards December (assault of Tambura County commissioner) and people ran to Nagero and in the last month they started returning back to St._Mary_Line_buna,"This makes sense, happy for the value to remain",Agree,,,
f8feea2f-f8b5-46cb-b7b0-56718f29ed16,Cyrillo,no_action,Markets,U.market_now_barriers.market_too_far,yes,no,"Selected ""market too far"" however time spent to reach the market for most people in the settlement is less than 30 minutes, can the enumerator explain","There are some people who are far from the market and takes them time to reach the market, most people are near to the market","I would suggest the value to remain as the question on time asks for MOST people while question on market challenges asks for people, AO will advise on the value","Agree, it is about any challenges people face on accessing market. Value can remain",,,
b0f3c114-01a2-4902-95a5-4b0488fea8e4,Cyrillo,no_action,Protection,N.prot_now,no,,"Just checking as enumerator selected ""no"" for most people in the settlement feeling safe and protected however there are no protection incidences",Some residents of the settlement started forming an armed group this made people to fear in the settlement,"OK, happy for the value to remain",Agree,,,
b0f3c114-01a2-4902-95a5-4b0488fea8e4,Cyrillo,change_response,Education,M.education_level.primary_one_five,no,yes,"Enumerator selected ""primary six to eight"" as education level in the settlement, can the enumerator explain about lower primary (primary one to five)",I hadn't known it was a multiple selection but the KI said they have primary one to eight in the settlement,"Based on enumerator's feedback, I would suggest amending the value to include ""primary one_five"" AO will advise on the value (Value for education level isn't in the data validation sheet, hope GIS will update the sheet)","Agree, please amend",,,
11e31d47-ef38-4c07-8e3a-560aedcc4b04,Cyrillo,blank_response,Education,M.attendance_no_reason1_girls_other,lack of qualified teachers.,lack of qualified teachers,"Selected other and wrote ""lack of qualified teachers"" as a reason for poor school attendance among girls in the settlement",There's a school in the settlement but lacks qualified teachers and Ugandan nationals who were teaching left because of insecurity/conflict,"OK, happy for the value to remain in others","OK, there should be a teachers_fled option but I don't see in the tool. Values harmonized",,,
11e31d47-ef38-4c07-8e3a-560aedcc4b04,Cyrillo,blank_response,Education,M.attendance_no_reason1_boys_other,lack of teachers,lack of qualified teachers,"Selected other and wrote ""lack of teachers"" as a reason for poor school attendance among boys in the settlement",As above,"OK, happy for the value to remain in others","OK, there should be a teachers_fled option but I don't see in the tool. Values harmonized",,,
74c03d2d-dc97-4a9e-bb84-ef2d6d4ddedc,Cyrillo,no_action,Population,F.f2.idp_time_arrive,3_6_months,,"Selected the arrival of IDPs in Nasoro to be in the last three to six months and push factor was insecurity and believe there has been no displacement due to insecurity, can the enumerator explain",There was insecurity that happened last year behind Nasoro and was from 2018 to early 2019 and just decided to move to Nasoro because of fear that conflict could happen again,"Ok, it makes sense and happy for the value to remain",Agree,,,
5de6a3e8-01be-48a0-852e-b78426c1ccf1,Cyrillo,blank_response,Population,F.f2.idp_time_arrive,3_6_months,,"Selected the arrival of IDPs in Naandi_Centre to be in the last three to six months and push factor was insecurity and believe there has been no displacement due to insecurity, can the enumerator explain","KI said, soldiers were beating people once called by authority and this made people to evacuate the area","It doesn't make sense as below comments from enumerator under protection suggests IDPs were being beaten in Naandi_Centre not that IDPs who are in Naandi_Centre came because of harassment by soldiers. I would suggest blanking the value, AO will advise ",agree,,,
8a85dbd0-733c-4b3f-8515-2354e59ccb0a,Cyrillo,no_action,Population,F.f2.idp_time_arrive,3_6_months,,"Selected the arrival of IDPs in Sakure_Centre to be in the last three to six months and push factor was insecurity and believe there has been no displacement due to insecurity, can the enumerator explain",There was insecurity caused by Ambororo pastoralists in Sakure neighbourhood,Happy for the value to remain,agree,,,
9de85978-584c-4653-a69a-82c05d1d0e7d,Cyrillo,no_action,Population,F.f2.idp_time_arrive,3_6_months,,"Selected the arrival of IDPs in Diatora_1 to be in the last three to six months and push factor was insecurity and believe there has been no displacement due to insecurity, can the enumerator explain",They were fearing staying in the far settlement and decided to move to more secured areas,"This makes sense, happy for the value to remain",Agree,,,
264044f0-a46e-4825-8f66-8770dde12a71,Cyrillo,no_action,Markets,U.cereal_market_sett_other,Moso,,"Selected other and wrote ""Moso"" as settlement for accessing cereals",It wasn't in the tool,The settlement is already in the tool though not as a market,"Ok, leave for now until it is fixed",,,
5de6a3e8-01be-48a0-852e-b78426c1ccf1,Cyrillo,no_action,Protection,N.prot_women_concern_other,soldiers were beating the citizens so bad when somebody does wrong,,"Selected other and wrote ""soldiers were beating the citizens so bad when somebody does wrong"" as protection concern for women, can the enumerator explain",Soldiers were beating women once brought to police and this scared women staying in Naandi_Centre,"Since soldiers harass because of crime/wrong doing, I would suggest the value to remain in others though could slightly be amended to ""Harassment by soldiers"" AO will advise ",Agree. We could add to  tool.,,,
5de6a3e8-01be-48a0-852e-b78426c1ccf1,Cyrillo,no_action,Protection,N.prot_men_concern_other,men were also beaten.,,"Selected other and wrote ""men were also beaten."" as protection concern for men, can the enumerator explain",Soldiers were beating men once brought to police and this scared men staying in Naandi_Centre,As above,Agree. We could add to  tool.,,,
122c9030-3366-4242-8133-d84cc0414430,Cyrillo,change_response,Area_of_Knowledge,D.d1.remotely_how.s_phone,yes,no,Selected type of contact to be remotely through satelite phone (thuruya) which I believe isn't in the settlement as this is quite expensive,It was mobile phone not thuruya and phone signal is in Kumbobaangi and people from Sakure come to the area for the signal,"Based on enumerator's feedback, I would suggest amending the value to ""m_phone"" AO will advise on the value ",Agree,,,
122c9030-3366-4242-8133-d84cc0414430,Orsi,change_response,Area_of_Knowledge,D.d1.remotely_how.m_phone,no,yes,Selected type of contact to be remotely through satelite phone (thuruya) which I believe isn't in the settlement as this is quite expensive,It was mobile phone not thuruya and phone signal is in Kumbobaangi and people from Sakure come to the area for the signal,"Based on enumerator's feedback, I would suggest amending the value to ""m_phone"" AO will advise on the value ","Agree, amended",,,
5824c411-6543-4e14-a784-999f7a4d5d74,Cyrillo,blank_response,Population,F.f1.people_leaving_other,soldiers were looking for disappeared soldiers from Li Rangu.,,"Selected other and wrote ""soldiers were looking for disappeared soldiers from Li Rangu."" as a reason for HC leaving the settlement","There were IO soldiers who had escaped from Li-rangu and were causing threat to the people in Nambia, later in January the government sent some soldiers to pursue the escaped IO soldiers. This incident caused fear and made people to leave the settlement","I believe this push factor can still be regarded as ""insecurity"" which is already in the tool. If so, would suggest amending to ""insecurity"" AO will advise","Agree, amended to conflict in tool",,,
5824c411-6543-4e14-a784-999f7a4d5d74,ORsi,change_response,Population,F.f1.people_leaving,other,conflict,,,,See above,,,
5824c411-6543-4e14-a784-999f7a4d5d74,Cyrillo,blank_response,Population,F.f2.other,people were scared of the soldiers moving in Nambia,,"Selected other and wrote ""people were scared of the soldiers moving in Nambia"" as push factor for IDPs in Nambia which doesn't make sense as enumerator mentioned HC to be leaving as well",Some of the HC members just moved to their relatives in the same settlement and were residing with them ,As above,"Contradictory, values blanked",,,
5824c411-6543-4e14-a784-999f7a4d5d74,ORsi,blank_response,Population,F.f2.idp_push,other,,,,,see above,,,
5824c411-6543-4e14-a784-999f7a4d5d74,Cyrillo,blank_response,Population,F.f2.other_idp,fear being harmed by soldiers.,,"Selected other and wrote ""fear being harmed by soldiers."" as pull factor for IDPs in Nambia which seems a push factor","KI said, the IDPs moved to more safer area within the same settlement and were residing with their relatives","Ok, since KI didn't mention whether the presence of families or security in the area was a major pull factor. I would suggest blanking the value as this seems more of push factor",see above,,,
5824c411-6543-4e14-a784-999f7a4d5d74,Orsi,blank_response,Population,F.f2.idp_pull,other,,,,,see above,,,
2802c6ca-5d14-4236-95ba-84406b1f96d1,Cyrillo,change_response,Population,F.f4.refugee_return_source_country,SouthSudan,Sudan,Selected refugee returnees' country to be South Sudan which doesn't make sense,Refugee returnees came from Sudan,"I would suggest amending the value to ""Sudan""",agree,,,
eef6429c-46e9-4254-985b-26cebdf7484f,Cyrillo,blank_response,Food_Security,G.food_no_reason1_other,Some laziness because of to much drinking alcohol,,"Selected other and wrote ""Some laziness because of to much drinking alcohol"" which is already in the tool",I hadn't seen it in the tool,"I would suggest amending the value to ""alcoholism_laziness"" which is already in the tool",agree,,,
eef6429c-46e9-4254-985b-26cebdf7484f,Cyrillo,change_response,Food_Security,G.food_no_reason1,other,alcoholism_laziness,Data validation sheet needs to be updated as the option isn't showing up,I hadn't seen it in the tool,As above,Good job!,,,
6f616b46-abaa-4b5e-8c12-3982b95ee6d6,Cyrillo,no_action,Food_Security,G.food_coping_comsumption.only_children_eat,yes,yes,Quite extreme coping strategy of only children eating yet the settlement has food,Since the beginning of the crisis (insecurity) the settlement has been depending on NGOs for food and at some point when there was food only children were eating and adults used to gather wild foods for themselves,"Ok, would suggest the value to remain",agree,,,
d07594fd-78d3-4d0d-8252-deb419de9727,Cyrillo,no_action,Food_Security,G.food_coping_comsumption.skip_days,yes,yes,This is an extreme coping strategy of skipping days without food which is normally applied at difficult situations which I believe cann't be now as the settlement has food,There are IDPs who came from Nadiangere one year ago and were given land by the host community though had no seeds to plant and do not food as there's no food distribution in the settlement as well,"Ok, happy for the value to remain",agree,,,
5824c411-6543-4e14-a784-999f7a4d5d74,Cyrillo,change_response,Markets,U.cereal_market_sett_other,sugu Giabati,Sugu Giabat,"Selected other and wrote ""sugu Giabati"" which seems to be a portion of Tambura Town market","KI said, they get cereals from Sugu Giabat near Andaya Bundu",Will map the market with the enumerator later,"Ok, leave for now until mapped",,,
f94ada3f-012d-42e3-b8fb-719ef0e65dd2,Cyrillo,no_action,Markets,U.cereal_market_sett_other,Namutina market,Namutina market,"Selected other and wrote ""Namutina market"" which seems to be in the tool",It wasn't in the tool,This settlement is already in the tool and will add coordinates for the market,"Ok, leave for now until mapped",,,
27964d11-eb47-4dda-a750-709ab3016819,Cyrillo,change_response,Markets,U.cereal_market_sett_other,Hai Masia,Masia market,"Selected other and wrote ""Hai Masia"" which seems to be in the tool",It wasn't in the tool,As above,harmonized the value for now,,,
1c3e7aa0-38f9-41bb-b374-c5a3f3544a5b,Cyrillo,change_response,Markets,U.cereal_market_sett_other,Hai Masia,Masia market,"Selected other and wrote ""Hai Masia"" which seems to be in the tool",It wasn't in the tool,As above,harmonized the value for now,,,
9aa9754f-3e0d-4696-a6fe-e94703b78bdc,Cyrillo,change_response,Protection,N.prot_now,no,yes,"Selected ""no"" for the settlement feeling safe and protected now yet there's no protection incidence","KI said, they are feeling safe as people can move to other neighbourhoods","Based on enumerator's feedback, I would suggest amending the value to ""yes""",agree,,,
eef6429c-46e9-4254-985b-26cebdf7484f,Cyrillo,no_action,Protection,N.prot_now,no,,"Selected ""no"" for the settlement feeling safe and protected now yet there's no protection incidence",The community in the settlement fear movements of Ambororo pastoralists along DRC border,"OK, happy for the value to remain as protection depends on perception of the Kis",agree,,,
f94ada3f-012d-42e3-b8fb-719ef0e65dd2,Cyrillo,no_action,Protection,N.prot_men_concern,kill_inj_same,,Quite serious protection concern of killing and injuries among same tribe,There was conflict between soldiers and unknown rebel group and the government sent soldiers and there exchange of gunfire and about four men died,"Ok, happy for the value to remain",agree,,,
27964d11-eb47-4dda-a750-709ab3016819,Cyrillo,change_response,Water_and_Sanitation,K.water_now_how,water_yard,well,"Selected ""water_yard"" as the main source of water for most people in the settlement as seems there's no water yard in the settlement",KI meant hand dug well (locally known as biri),"This hand dug well is sometimes protected and is different from the normal wells, hope GIS could include this to the tool as well. For now I would suggest amending the value to ""well"" AO will advise",agree,,,
09ad8c9b-ccb7-4f96-900c-5ce7b8def76c,Cyrillo,blank_response,Water_and_Sanitation,K.latrine_no_usage_other,"some people who ran when they came back,they got their latrines not in good conditions.",,"Selected other and wrote ""some people who ran when they came back,they got their latrines not in good conditions."" which I believe is already in the tool as ""too dirty/full or unsafe to walk to""",The local constructed shelters on the latrines were destroyed and there were other holes created,"Ok, I would suggest amending the value to ""unsafe to access"" as seems the latrines are partially destroyed",I see not_functional in tool,,,
09ad8c9b-ccb7-4f96-900c-5ce7b8def76c,Orsi,change_response,Water_and_Sanitation,K.latrine_no_usage,other,not_functional,,,,Amended,,,
122c9030-3366-4242-8133-d84cc0414430,Cyrillo,no_action,Accountability_to_affected_population,Q.assistance_now,no,,"Selected ""no"" for receiving humanitarian assistance in the last six month yet had selected ""yes"" for food distribution in the last three months which I believe is part of humanitarian assistance",They hadn't received food from humanitarian agencies in the last three months,"I would suggest amending value for food distribution to ""no""","Agree, changed response for food distribution below.",,,
122c9030-3366-4242-8133-d84cc0414430,Orsi,change_response,Food_Security,G.food_distr,yes,no,,,,Update?,,,
57a93dba-17c2-425d-8252-dd11dbbc7330,Cyrillo,blank_response,Population,F.idp_now,no,,"Selected ""no"" for IDPs in Rii-menze yet there are IDPs at the catholic church staying at a camp","KI said, all IDPs returned to their previous settlements for cultivation","This isn't true as there are still IDPs at the Catholic Church compound, would suggest blanking the value",agree,,,
c4ec832d-c963-48de-a753-7522f93f0e3a,Cyrillo,change_response,Markets,U.cereal_market_sett_other,Hi Masia,Masia market,"Selected other and wrote ""Hi Masia"" as settlement where most people buy cereals, I believe is already in the tool",Masia market wasn't in the tool,This settlement is already in the tool and will add coordinates for the market,harmonized responses for now,,,
4ea6e218-de72-44ca-9ed8-82dd965ea990,Cyrillo,no_action,Markets,U.cereal_market_sett_other,Masia market,,"Selected other and wrote ""Masia market"" as settlement where most people buy cereals, I believe is already in the tool",Masia market wasn't in the tool,As above,harmonized responses for now,,,
bdf94bfa-693b-458d-b22d-83fc94d05b40,Cyrillo,change_response,Markets,U.cereal_market_sett_other,Hi  Masia,Masia market,"Selected other and wrote ""Hi Masia"" as settlement where most people buy cereals, I believe is already in the tool",Masia market wasn't in the tool,As above,harmonized responses for now,,,
1df5c9d1-e08a-4532-b08d-6080a4b1a5f7,Cyrillo,no_action,Markets,U.cereal_market_sett_other,Masia market,,"Selected other and wrote ""Masia market"" as settlement where most people buy cereals, I believe is already in the tool",Masia market wasn't in the tool,As above,harmonized responses for now,,,
a9e3d4fd-e265-4185-b252-385c5b160ba9,Cyrillo,no_action,Protection,N.prot_now,no,,"Selected ""no"" for the settlement feeling safe and protected yet there's no protection incidence",There were armed men who weren't transferred to the cantonment site and they made people to fear,Good to know and happy for the value to remain,agree,,,
ad3d6898-9ad0-473b-b18a-563aa6e2b45d,Cyrillo,no_action,Water_and_Sanitation,K.water_now_time,1_hour_half_day,,"Selected ""1 hour to half a day"" as time spent for most people to access water in the settlement ",The distance to the water source is longer and it takes them one hour to half a day to access their prefered source of water,"Ok, would suggest the value to remain",agree,,,
8c18fce5-4472-4d66-82ec-d5df7a609c46,Cyrillo,no_action,Markets,U.cereal_market_sett_other,Yabua centre,,"Selected other and wrote ""Yabua Centre"" as settlement where most people buy cereals, I believe is already in the tool",It wasn't in the tool,This settlement is already in the tool and will add coordinates for the market,Leave for now until coordinates for next month,,,
071fe4fe-d508-4354-9af7-6c82571bc4e6,Cyrillo,no_action,Markets,U.cereal_market_sett_other,Pazuo market,,"Selected other and wrote ""Pazuo market"" as settlement where most people buy cereals, I believe is already in the tool",It wasn't in the tool,As above,Leave for now until coordinates for next month,,,
cbd0dc36-6a66-455e-b232-393aee723743,Cyrillo,no_action,Population,F.idp_now,no,,"Selected ""no"" for IDPs in Ikpiro however I believe there are IDPs still in the settlement who came from Ndavuro",There are only IDP returnees and those IDPs who came sometimes back returned to their settlement,"Ok, happy for the value to remain",agree,,,
681474fa-e9e9-45f7-aef1-204bc187044e,Cyrillo,no_action,Markets,U.cereal_market_sett_other,Masia market,,"Selected other and wrote ""Masia market"" as settlement where most people buy cereals, I believe is already in the tool",Masia market wasn't in the tool,This settlement is already in the tool and will add coordinates for the market,harmonized responses for now,,,