uuid,Spotted_by,change_type,Sectors,indicator,Current_value,new_value,Issue,Enumerator comment,FO comment,AO comment,AM comment,GIS comment,Last Index
c251a74d-abbc-4006-bae3-2f0be6e3f118,Ohide  ,change_response,Population,F.hc_now,no,yes,No population group is present in settlement.,"the enumerator said it was the slight hands when answering, it is a mistake ",the FO advise the enumerators to be carefully when answering and have to be sure of the option. Agreed  for changed ,ok,,,
776f22f5-584a-4d19-8311-64fa92adad9e,Ohide  ,change_response,Population,F.hc_now,no,yes,No population group is present in settlement.,"the enumerator said it was the slight hands when answering, it is a mistake ",the FO advise the enumerators to be carefully when answering and have to be sure of the option. Agreed  for changed ,ok,,,
7dbd9e0c-0ff1-4473-856a-84093414ddf1,Ohide  ,change_response,Population,F.hc_now,no,yes,No population group is present in settlement.,"the enumerator said it was the slight hands when answering, it is a mistake ",the FO advise the enumerators to be carefully when answering and have to be sure of the option. Agreed  for changed ,ok,,,
945f458c-1ddc-409b-9095-6025da43c5d5,Ohide  ,change_response,Protection,N.prot_girls_concern,yes,no,People feel safe but there are serious protection concerns for girls.,the enumerator said people have not been feeling save but when answering it is also the misstake beccause this phones are having problems when sliding ,the FO advise the enumerators to be carefully when answering and have to be sure of the option. Agreed  for changed ,ok,,,
bb6851ec-2bb9-4e9f-be66-5fc5d2ef86fb,Ohide  ,change_response,Protection,N.prot_boys_concern,yes,no,People feel safe but there are serious protection concerns for boys.,the enumerator said people have not been feeling save but when answering it is also the misstake beccause this phones are having problems when sliding ,the FO advise the enumerators to be carefully when answering and have to be sure of the option. Agreed  for changed ,agree,,,
a43c5861-67aa-49b5-b213-0701c4853684,Ohide  ,no_action,Livelihoods,L.current_activities.crops_for_sustenance,,,People source most food from own cultivation but do NOT engage in crops for sustenance as livelihoods activity.,"the enumerator said, the Kis explained saying they are not enggaging in crops for sustainence for this moment due to dry season but their food source is through cultivation ","if people may not engaged for cultivation now but their sourcee of food is through cultivation, so changes from 0 to 1 is excepted ","as usually they would, but currently not, I think no_action is better",,,
e55fc888-7a42-45f9-9f85-489e0f979e30,Ohide  ,no_action,Livelihoods,L.current_activities.crops_for_sustenance,,,People source most food from own cultivation but do NOT engage in crops for sustenance as livelihoods activity., people said they are relying on the pervious food from the farm but their food source is from cultivation ,"if people may not engaged for cultivation now but their sourcee of food is through cultivation, so changes from 0 to 1 is excepted ",same here,,,
75137f74-7df4-42bf-9899-23185c5b68cb,Ohide  ,change_response,Food_Security,G.food_wild_proportion,more_half,less_half,More than half of meals included wild foods but people eat two or three meals per day.,the enumerator explaned saying KI however said they are eating the wild food less_half as the supplement but not more_half means this is changed to less_half ,"the changes is agreed, because they have enough access to food where they are eating three time a day, means they are have less_half wild food as the supplement ","agree, good catch",,,
591b718f-db74-45e4-bc3f-35a8432d96e5,Ohide  ,change_response,Markets,U.market_now,no,yes,People source most food from markets but do NOT have access to markets.,KI explaned saying they don�t have the market in their setllement but they can access market from different market places ,if the KI saying they can acess the market in other settlements then  I agreed with the changes from no to yes ,agree,,,
0be4959f-f85e-4184-83f0-2e2684d357bf,Ohide  ,change_response,Population,F.hc_now,no,yes,No population group is present in settlement.,the enumerator said it was the mistake in answering but the answers from the KI is yes ,"the changed is welcomed, and the enumerator is being adviced on concerntrating on the right and correct answers as given by the KI",good,,,
3f20653c-626a-4c8d-8af9-e501ec062d27,Ohide  ,no_action,Area_of_Knowledge,D.info_settlement_other,,Natiir,the enumerator selected other but the settlement is already excisting in the tool ,the enumerator said he has not reallized that it is already in the tool but also because eof the speeling ,agreed if the settllement is in the tool no need to plugged it out as an issue changed other to Natiir ,Please select sector from list.,,,
b8567058-1db6-417f-93fa-50021e636ce0,Ohide  ,change_response,Population,F.hc_now,no ,yes ,No population group is present in settlement.,"the enumerator said it was the slight hands when answering, it is a mistake ",the FO advise the enumerators to be carefully when answering and have to be sure of the option. Agreed  for changed ,OK,,,
7ef270f5-6b3b-4901-8470-22270f45c36a,Orsi,blank_response,Population,F.f2.other,Famine,,,,,already in tool,,,
7ef270f5-6b3b-4901-8470-22270f45c36a,Orsi,change_response,Population,F.f2.idp_push,other ,lack_food,,,,see above,,,
0ba2a0ad-e6f4-41b8-bd46-f564e0900b69,Orsi,no_action,Food_Security,G.food_no_reason1,other ,,Crop failure due to overgrowing(cultivating one piece of land every year)insufficient nutrients in the soil.,,,"value can stay, not in tool",,,
4ff81a91-af40-493f-a987-68c926a4933b,Orsi,blank_response,Food_Security,G.food_no_reason1,other ,crops_destroyed_flood,,,,"option already in tool, recoded below",,,
d5ba22ab-af37-4d96-974a-6fc49ca6a538,Orsi,blank_response,Food_Security,G.food_no_reason1,other ,crops_destroyed_flood,,,,"option already in tool, recoded below",,,
c251a74d-abbc-4006-bae3-2f0be6e3f118,Orsi,blank_response,Food_Security,G.food_no_reason1,other ,crops_destroyed_flood,,,,"option already in tool, recoded below",,,
83c7ce3b-1d8a-433f-9a73-530e0ac1de57,Orsi,blank_response,Food_Security,G.food_no_reason1,other ,Crops has been destroyed by pest,,,,"option already in tool, recoded below",,,
50cd8608-a56b-4964-a161-9f434f122230,Orsi,blank_response,Food_Security,G.food_no_reason1,other ,crops_destroyed_flood,,,,"option already in tool, recoded below",,,
4b1587c5-27ce-48b3-806c-0ef3b5387fcd,Orsi,blank_response,Food_Security,G.food_no_reason1,other ,crops_destroyed_flood,,,,"option already in tool, recoded below",,,
89aee83b-6a53-449d-9f1a-1dd8830da0b2,Orsi,blank_response,Food_Security,G.food_no_reason1,other ,Crops has been destroyed by pest,,,,"option already in tool, recoded below",,,
0cfb8b1d-3052-41ce-8511-5c908df915ee,Orsi,blank_response,Food_Security,G.food_no_reason1,other ,crops_destroyed_flood,,,,"option already in tool, recoded below",,,
39596e63-d4b3-4edb-aa0c-932f468d4bde,Orsi,blank_response,Food_Security,G.food_no_reason1,other ,Crops has been destroyed by pest,,,,"option already in tool, recoded below",,,
b59e6fbc-ac9c-47f3-88d8-078d23485619,Orsi,blank_response,Food_Security,G.food_no_reason1,other ,Crops has been destroyed by pest,,,,"option already in tool, recoded below",,,
bc0384d7-95dd-487f-8896-511b4afa2d1d,Orsi,blank_response,Food_Security,G.food_no_reason1,other ,Crops has been destroyed by pest,,,,"option already in tool, recoded below",,,
bfed2609-b885-4cfc-9cca-b5f1a1a244f7,Orsi,blank_response,Food_Security,G.food_no_reason1,other ,crops_destroyed_flood,,,,"option already in tool, recoded below",,,
4c9a9b7e-675d-4805-8aeb-da9736417521,Orsi,blank_response,Food_Security,G.food_no_reason1,other ,crops_destroyed_flood,,,,"option already in tool, recoded below",,,
7dbd9e0c-0ff1-4473-856a-84093414ddf1,Orsi,blank_response,Food_Security,G.food_no_reason1,other ,crops_destroyed_flood,,,,"option already in tool, recoded below",,,
0c544512-3e70-4ccf-8d98-56ff45fc2918,Orsi,blank_response,Food_Security,G.food_no_reason1,other ,crops_destroyed_flood,,,,"option already in tool, recoded below",,,
a7792364-8239-467b-8ac1-be931a287d69,Orsi,blank_response,Food_Security,G.food_no_reason1,other ,crops_destroyed_flood,,,,"option already in tool, recoded below",,,
906bcec9-6735-498d-a00a-bb3755aa688b,Orsi,blank_response,Food_Security,G.food_no_reason1,other ,crops_destroyed_flood,,,,"option already in tool, recoded below",,,
f304a049-5bbd-4b38-96b2-3696f55b3b34,Orsi,blank_response,Food_Security,G.food_no_reason1,other ,crops_destroyed_flood,,,,"option already in tool, recoded below",,,
ac4749f2-32b1-4dfe-995f-4e6a34a893a5,Orsi,blank_response,Food_Security,G.food_no_reason1,other ,crops_destroyed_flood,,,,"option already in tool, recoded below",,,
bca2a525-66b4-4da2-8bbc-5a45248932cb,Orsi,blank_response,Food_Security,G.food_no_reason1,other ,Crops has been destroyed by pest,,,,"option already in tool, recoded below",,,
bb6851ec-2bb9-4e9f-be66-5fc5d2ef86fb,Orsi,blank_response,Food_Security,G.food_no_reason1,other ,Crops has been destroyed by pest,,,,"option already in tool, recoded below",,,
d36fe85d-0a75-4385-a560-eddd39382608,Orsi,blank_response,Food_Security,G.food_no_reason1,other ,crops_destroyed_flood,,,,"option already in tool, recoded below",,,
54b23d4c-3f3e-41ac-bab9-22667e1c97eb,Orsi,no_action,Food_Security,G.food_no_reason1,other ,Crops were affected by climatic change.,,,,"value can stay, not in tool",,,
4a01fa59-80c5-4aeb-9a43-a63a62ed85b1,Orsi,blank_response,Food_Security,G.food_no_reason1,other ,Crops has been destroyed by pest,,,,"option already in tool, recoded below",,,
49bc2ede-a3f1-42be-9dcc-442579463f1f,Orsi,blank_response,Food_Security,G.food_no_reason1,other ,Crops has been destroyed by pest,,,,"option already in tool, recoded below",,,
b871b6c4-ff4e-4d4c-8864-2de98b77fba9,Orsi,blank_response,Food_Security,G.food_no_reason1,other ,Crops has been destroyed by pest,,,,"option already in tool, recoded below",,,
e55fc888-7a42-45f9-9f85-489e0f979e30,Orsi,blank_response,Food_Security,G.food_no_reason1,other ,Crops has been destroyed by pest,,,,"option already in tool, recoded below",,,
68522b22-181e-4ef6-96fe-a6e43db01884,Orsi,no_action,Food_Security,G.food_no_reason1,other ,Crops failed due to insufficient nutrients in the soil.,,,,"value can stay, not in tool",,,
ca4d80dc-24f1-43d8-bfa2-54dd6e4c84cd,Orsi,blank_response,Food_Security,G.food_no_reason1,other ,Atleast the majority of the people are well off at the moment.,,,,"not relevant, blank",,,
88d2df85-6729-4c25-9f55-cbe588d34454,Orsi,blank_response,Food_Security,G.food_no_reason1,other ,crops_destroyed_flood,,,,"option already in tool, recoded below",,,
4c362c72-b422-4e4b-a538-476762d3d985,Orsi,blank_response,Food_Security,G.food_no_reason1,other ,crops_destroyed_flood,,,,"option already in tool, recoded below",,,
591b718f-db74-45e4-bc3f-35a8432d96e5,Orsi,blank_response,Food_Security,G.food_no_reason1,other ,Crops has been destroyed by pest,,,,"option already in tool, recoded below",,,
266146c2-2df8-4709-b5c1-aaaa650c1e5f,Orsi,blank_response,Food_Security,G.food_no_reason1,other ,Crops has been destroyed by pest,,,,"option already in tool, recoded below",,,
853df2fe-79dc-4f89-9a1b-3dc14a65f440,Orsi,blank_response,Food_Security,G.food_no_reason1,other ,Insufficient and unskilled labour,,,,"value can stay, not in tool",,,
0be4959f-f85e-4184-83f0-2e2684d357bf,Orsi,no_action,Food_Security,G.food_no_reason1,other ,Crops has been destroyed by pest,,,,"option already in tool, recoded below",,,
5f2117c0-e315-4c24-9e5a-d46d963c6654,Orsi,blank_response,Food_Security,G.food_no_reason1,other ,Crops has been destroyed by pest,,,,"option already in tool, recoded below",,,
9e255bd5-0151-4967-a9c3-29ad7042362d,Orsi,blank_response,Food_Security,G.food_no_reason1,other ,crops_destroyed_flood,,,,"option already in tool, recoded below",,,
3f20653c-626a-4c8d-8af9-e501ec062d27,Orsi,blank_response,Food_Security,G.food_no_reason1,other ,crops_destroyed_flood,,,,"option already in tool, recoded below",,,
79130f9c-9310-4411-9a08-d307e2c3eb49,Orsi,blank_response,Food_Security,G.food_no_reason1,other ,crops_destroyed_flood,,,,"option already in tool, recoded below",,,
143c9433-cdfe-46e4-b391-029b21228cdf,Orsi,blank_response,Food_Security,G.food_no_reason1,other ,crops_destroyed_flood,,,,"option already in tool, recoded below",,,
e9e58bc9-7110-4e75-8aee-f5dfcd614690,Orsi,blank_response,Food_Security,G.food_no_reason1,other ,Crops has been destroyed by pest,,,,"option already in tool, recoded below",,,
6bf0123b-536f-470c-8ca7-0ed08658691d,Orsi,blank_response,Food_Security,G.food_no_reason1,other ,Crops has been destroyed by pest,,,,"option already in tool, recoded below",,,
be79d086-e3aa-4647-bc2f-37a60628d13f,Orsi,blank_response,Food_Security,G.food_no_reason1,other ,Crops has been destroyed by pest,,,,"option already in tool, recoded below",,,
1ed2ff10-6756-424a-9d7b-51ce83be7a82,Orsi,blank_response,Food_Security,G.food_no_reason1,other ,Crops has been destroyed by pest,,,,"option already in tool, recoded below",,,
0774ec19-ab9d-400c-8304-6564da21ac4a,Orsi,blank_response,Food_Security,G.food_no_reason1,other ,Crops has been destroyed by pest,,,,"option already in tool, recoded below",,,
653d08f9-70bb-4ee3-b71b-f218de16e3a4,Orsi,no_action,Food_Security,G.food_no_reason1,other ,Lack of nutrients in the soil.,,,,"value can stay, not in tool",,,
22468c13-0ec6-4b0e-9c31-11ef642db61f,Orsi,blank_response,Food_Security,G.food_no_reason1,other ,Crops has been destroyed by pest,,,,"option already in tool, recoded below",,,
b8567058-1db6-417f-93fa-50021e636ce0,Orsi,blank_response,Food_Security,G.food_no_reason1,other ,crops_destroyed_flood,,,,"option already in tool, recoded below",,,
cf8e13cd-f243-4f04-b7ad-ee99af2f74fb,Orsi,blank_response,Food_Security,G.food_no_reason1,other ,Crops has been destroyed by pest,,,,"option already in tool, recoded below",,,
cbe0c907-fa2d-4d19-8f59-9e281b80e030,Orsi,blank_response,Food_Security,G.food_no_reason1,other ,Crops has been destroyed by pest,,,,"option already in tool, recoded below",,,
de7b6a3a-0dc9-475c-9540-fb0ca75f6ebf,Orsi,blank_response,Food_Security,G.food_no_reason1,other ,crops_destroyed_flood,,,,"option already in tool, recoded below",,,
8e8dc215-3414-404b-b2d0-18a7df6ddcf1,Orsi,blank_response,Food_Security,G.food_no_reason1,other ,crops_destroyed_flood,,,,"option already in tool, recoded below",,,
0cf26905-55de-4428-a4a2-e44aa47a7378,Orsi,blank_response,Food_Security,G.food_no_reason1,other ,Crops has been destroyed by pest,,,,"option already in tool, recoded below",,,
989dbcaf-9b15-4f60-a5ce-dfd6306a49de,Orsi,blank_response,Food_Security,G.food_no_reason1,other ,crops_destroyed_flood,,,,"option already in tool, recoded below",,,
dd786e4b-fbb8-479f-bcdc-5430dfdf3866,Orsi,blank_response,Food_Security,G.food_no_reason1,other ,crops_destroyed_flood,,,,"option already in tool, recoded below",,,
348fe49e-1cf0-41ff-a719-43ab181503c2,Orsi,blank_response,Food_Security,G.food_no_reason1,other ,Crops has been destroyed by pest,,,,"option already in tool, recoded below",,,
2be0e534-3c6b-4fe2-8ca8-0e930153e109,Orsi,blank_response,Food_Security,G.food_no_reason1,other ,Crops has been destroyed by pest,,,,"option already in tool, recoded below",,,
bb17b9c9-3d98-4566-9f66-30b945576218,Orsi,blank_response,Food_Security,G.food_no_reason1,other ,Crops has been destroyed by pest,,,,"option already in tool, recoded below",,,
a0fb3767-7147-4afa-98d4-94e821b636a9,Orsi,blank_response,Food_Security,G.food_no_reason1,other ,Crops has been destroyed by pest,,,,"option already in tool, recoded below",,,
b01759e5-1de5-4e85-b6c3-8e7bf6f3b14b,Orsi,blank_response,Food_Security,G.food_no_reason1,other ,crops_destroyed_flood,,,,"option already in tool, recoded below",,,
30a7d1c4-c1aa-423c-a2e3-5cd6f4debcf3,Orsi,blank_response,Food_Security,G.food_no_reason1,other ,No access to agricultural inputs (seeds or tool),,,,"option already in tool, recoded below",,,
7b9bb35b-7bea-4ab9-bfee-9abddd911e96,Orsi,blank_response,Food_Security,G.food_no_reason1,other ,crops_destroyed_flood,,,,"option already in tool, recoded below",,,
4ff81a91-af40-493f-a987-68c926a4933b,Orsi,change_response,Food_Security,G.food_no_reason1,other ,crops_destroyed_flood,,,,see above,,,
d5ba22ab-af37-4d96-974a-6fc49ca6a538,Orsi,change_response,Food_Security,G.food_no_reason1,other ,crops_destroyed_flood,,,,see above,,,
c251a74d-abbc-4006-bae3-2f0be6e3f118,Orsi,change_response,Food_Security,G.food_no_reason1,other ,crops_destroyed_flood,,,,see above,,,
83c7ce3b-1d8a-433f-9a73-530e0ac1de57,Orsi,change_response,Food_Security,G.food_no_reason1,other ,crops_destroyed_pests,,,,see above,,,
50cd8608-a56b-4964-a161-9f434f122230,Orsi,change_response,Food_Security,G.food_no_reason1,other ,crops_destroyed_flood,,,,see above,,,
4b1587c5-27ce-48b3-806c-0ef3b5387fcd,Orsi,change_response,Food_Security,G.food_no_reason1,other ,crops_destroyed_flood,,,,see above,,,
89aee83b-6a53-449d-9f1a-1dd8830da0b2,Orsi,change_response,Food_Security,G.food_no_reason1,other ,crops_destroyed_pests,,,,see above,,,
0cfb8b1d-3052-41ce-8511-5c908df915ee,Orsi,change_response,Food_Security,G.food_no_reason1,other ,crops_destroyed_flood,,,,see above,,,
39596e63-d4b3-4edb-aa0c-932f468d4bde,Orsi,change_response,Food_Security,G.food_no_reason1,other ,crops_destroyed_flood,,,,see above,,,
b59e6fbc-ac9c-47f3-88d8-078d23485619,Orsi,change_response,Food_Security,G.food_no_reason1,other ,crops_destroyed_pests,,,,see above,,,
bc0384d7-95dd-487f-8896-511b4afa2d1d,Orsi,change_response,Food_Security,G.food_no_reason1,other ,crops_destroyed_pests,,,,see above,,,
bfed2609-b885-4cfc-9cca-b5f1a1a244f7,Orsi,change_response,Food_Security,G.food_no_reason1,other ,crops_destroyed_flood,,,,see above,,,
4c9a9b7e-675d-4805-8aeb-da9736417521,Orsi,change_response,Food_Security,G.food_no_reason1,other ,crops_destroyed_flood,,,,see above,,,
7dbd9e0c-0ff1-4473-856a-84093414ddf1,Orsi,change_response,Food_Security,G.food_no_reason1,other ,crops_destroyed_flood,,,,see above,,,
0c544512-3e70-4ccf-8d98-56ff45fc2918,Orsi,change_response,Food_Security,G.food_no_reason1,other ,crops_destroyed_flood,,,,see above,,,
a7792364-8239-467b-8ac1-be931a287d69,Orsi,change_response,Food_Security,G.food_no_reason1,other ,crops_destroyed_flood,,,,see above,,,
906bcec9-6735-498d-a00a-bb3755aa688b,Orsi,change_response,Food_Security,G.food_no_reason1,other ,crops_destroyed_flood,,,,see above,,,
f304a049-5bbd-4b38-96b2-3696f55b3b34,Orsi,change_response,Food_Security,G.food_no_reason1,other ,crops_destroyed_flood,,,,see above,,,
ac4749f2-32b1-4dfe-995f-4e6a34a893a5,Orsi,change_response,Food_Security,G.food_no_reason1,other ,crops_destroyed_flood,,,,see above,,,
bca2a525-66b4-4da2-8bbc-5a45248932cb,Orsi,change_response,Food_Security,G.food_no_reason1,other ,crops_destroyed_pests,,,,see above,,,
bb6851ec-2bb9-4e9f-be66-5fc5d2ef86fb,Orsi,change_response,Food_Security,G.food_no_reason1,other ,crops_destroyed_pests,,,,see above,,,
d36fe85d-0a75-4385-a560-eddd39382608,Orsi,change_response,Food_Security,G.food_no_reason1,other ,crops_destroyed_flood,,,,see above,,,
4a01fa59-80c5-4aeb-9a43-a63a62ed85b1,Orsi,change_response,Food_Security,G.food_no_reason1,other ,crops_destroyed_pests,,,,see above,,,
49bc2ede-a3f1-42be-9dcc-442579463f1f,Orsi,change_response,Food_Security,G.food_no_reason1,other ,crops_destroyed_pests,,,,see above,,,
b871b6c4-ff4e-4d4c-8864-2de98b77fba9,Orsi,change_response,Food_Security,G.food_no_reason1,other ,crops_destroyed_pests,,,,see above,,,
e55fc888-7a42-45f9-9f85-489e0f979e30,Orsi,change_response,Food_Security,G.food_no_reason1,other ,crops_destroyed_pests,,,,see above,,,
ca4d80dc-24f1-43d8-bfa2-54dd6e4c84cd,Orsi,blank_response,Food_Security,G.food_no_reason1,other ,,,,,"not relevant response, blank",,,
88d2df85-6729-4c25-9f55-cbe588d34454,Orsi,change_response,Food_Security,G.food_no_reason1,other ,crops_destroyed_flood,,,,see above,,,
4c362c72-b422-4e4b-a538-476762d3d985,Orsi,change_response,Food_Security,G.food_no_reason1,other ,crops_destroyed_flood,,,,see above,,,
591b718f-db74-45e4-bc3f-35a8432d96e5,Orsi,change_response,Food_Security,G.food_no_reason1,other ,crops_destroyed_pests,,,,see above,,,
266146c2-2df8-4709-b5c1-aaaa650c1e5f,Orsi,change_response,Food_Security,G.food_no_reason1,other ,crops_destroyed_pests,,,,see above,,,
0be4959f-f85e-4184-83f0-2e2684d357bf,Orsi,change_response,Food_Security,G.food_no_reason1,other ,crops_destroyed_pests,,,,see above,,,
5f2117c0-e315-4c24-9e5a-d46d963c6654,Orsi,change_response,Food_Security,G.food_no_reason1,other ,crops_destroyed_pests,,,,see above,,,
9e255bd5-0151-4967-a9c3-29ad7042362d,Orsi,change_response,Food_Security,G.food_no_reason1,other ,crops_destroyed_flood,,,,see above,,,
3f20653c-626a-4c8d-8af9-e501ec062d27,Orsi,change_response,Food_Security,G.food_no_reason1,other ,crops_destroyed_flood,,,,see above,,,
79130f9c-9310-4411-9a08-d307e2c3eb49,Orsi,change_response,Food_Security,G.food_no_reason1,other ,crops_destroyed_flood,,,,see above,,,
143c9433-cdfe-46e4-b391-029b21228cdf,Orsi,change_response,Food_Security,G.food_no_reason1,other ,crops_destroyed_flood,,,,see above,,,
e9e58bc9-7110-4e75-8aee-f5dfcd614690,Orsi,change_response,Food_Security,G.food_no_reason1,other ,crops_destroyed_pests,,,,see above,,,
6bf0123b-536f-470c-8ca7-0ed08658691d,Orsi,change_response,Food_Security,G.food_no_reason1,other ,crops_destroyed_pests,,,,see above,,,
be79d086-e3aa-4647-bc2f-37a60628d13f,Orsi,change_response,Food_Security,G.food_no_reason1,other ,crops_destroyed_pests,,,,see above,,,
1ed2ff10-6756-424a-9d7b-51ce83be7a82,Orsi,change_response,Food_Security,G.food_no_reason1,other ,crops_destroyed_pests,,,,see above,,,
0774ec19-ab9d-400c-8304-6564da21ac4a,Orsi,change_response,Food_Security,G.food_no_reason1,other ,crops_destroyed_pests,,,,see above,,,
22468c13-0ec6-4b0e-9c31-11ef642db61f,Orsi,change_response,Food_Security,G.food_no_reason1,other ,crops_destroyed_pests,,,,see above,,,
b8567058-1db6-417f-93fa-50021e636ce0,Orsi,change_response,Food_Security,G.food_no_reason1,other ,crops_destroyed_flood,,,,see above,,,
cf8e13cd-f243-4f04-b7ad-ee99af2f74fb,Orsi,change_response,Food_Security,G.food_no_reason1,other ,crops_destroyed_pests,,,,see above,,,
cbe0c907-fa2d-4d19-8f59-9e281b80e030,Orsi,change_response,Food_Security,G.food_no_reason1,other ,crops_destroyed_pests,,,,see above,,,
de7b6a3a-0dc9-475c-9540-fb0ca75f6ebf,Orsi,change_response,Food_Security,G.food_no_reason1,other ,crops_destroyed_pests,,,,see above,,,
8e8dc215-3414-404b-b2d0-18a7df6ddcf1,Orsi,change_response,Food_Security,G.food_no_reason1,other ,crops_destroyed_flood,,,,see above,,,
0cf26905-55de-4428-a4a2-e44aa47a7378,Orsi,change_response,Food_Security,G.food_no_reason1,other ,crops_destroyed_flood,,,,see above,,,
989dbcaf-9b15-4f60-a5ce-dfd6306a49de,Orsi,change_response,Food_Security,G.food_no_reason1,other ,crops_destroyed_pests,,,,see above,,,
dd786e4b-fbb8-479f-bcdc-5430dfdf3866,Orsi,change_response,Food_Security,G.food_no_reason1,other ,crops_destroyed_flood,,,,see above,,,
348fe49e-1cf0-41ff-a719-43ab181503c2,Orsi,change_response,Food_Security,G.food_no_reason1,other ,crops_destroyed_pests,,,,see above,,,
2be0e534-3c6b-4fe2-8ca8-0e930153e109,Orsi,change_response,Food_Security,G.food_no_reason1,other ,crops_destroyed_pests,,,,see above,,,
bb17b9c9-3d98-4566-9f66-30b945576218,Orsi,change_response,Food_Security,G.food_no_reason1,other ,crops_destroyed_pests,,,,see above,,,
a0fb3767-7147-4afa-98d4-94e821b636a9,Orsi,change_response,Food_Security,G.food_no_reason1,other ,crops_destroyed_pests,,,,see above,,,
b01759e5-1de5-4e85-b6c3-8e7bf6f3b14b,Orsi,change_response,Food_Security,G.food_no_reason1,other ,crops_destroyed_flood,,,,see above,,,
30a7d1c4-c1aa-423c-a2e3-5cd6f4debcf3,Orsi,change_response,Food_Security,G.food_no_reason1,other ,No access to agricultural inputs (seeds or tool),,,,see above,,,
7b9bb35b-7bea-4ab9-bfee-9abddd911e96,Orsi,change_response,Food_Security,G.food_no_reason1,other ,crops_destroyed_flood,,,,see above,,,
0ba2a0ad-e6f4-41b8-bd46-f564e0900b69,Orsi,blank_response,Food_Security,G.food_source_other,They engage in  economic activities like gathering of firewood and charcoal burning.,,,,,recodedto bought with cash,,,
4ff81a91-af40-493f-a987-68c926a4933b,Orsi,blank_response,Food_Security,G.food_source_other,Sell of firewood and charcoal burning,,,,,recodedto bought with cash,,,
83c7ce3b-1d8a-433f-9a73-530e0ac1de57,Orsi,blank_response,Food_Security,G.food_source_other,"Firewood gathering,building poles and charcoal burning.",,,,,recodedto bought with cash,,,
89aee83b-6a53-449d-9f1a-1dd8830da0b2,Orsi,blank_response,Food_Security,G.food_source_other,Stock from the previous harvest.,,,,,"option already in tool, ""cultivated"", recoded below",,,
39596e63-d4b3-4edb-aa0c-932f468d4bde,Orsi,blank_response,Food_Security,G.food_source_other,Casual labour,,,,,recodedto bought with cash,,,
776f22f5-584a-4d19-8311-64fa92adad9e,Orsi,blank_response,Food_Security,G.food_source_other,Stock from the previous harvest,,,,,"option already in tool, ""cultivated"", recoded below",,,
bc0384d7-95dd-487f-8896-511b4afa2d1d,Orsi,blank_response,Food_Security,G.food_source_other,Stock from the previous harvest.,,,,,"option already in tool, ""cultivated"", recoded below",,,
bfed2609-b885-4cfc-9cca-b5f1a1a244f7,Orsi,blank_response,Food_Security,G.food_source_other,Food stock from the previous harvest.,,,,,"option already in tool, ""cultivated"", recoded below",,,
7dbd9e0c-0ff1-4473-856a-84093414ddf1,Orsi,blank_response,Food_Security,G.food_source_other,Stock from the previous harvest.,,,,,"option already in tool, ""cultivated"", recoded below",,,
0c544512-3e70-4ccf-8d98-56ff45fc2918,Orsi,blank_response,Food_Security,G.food_source_other,Stock from the previous harvest.,,,,,"option already in tool, ""cultivated"", recoded below",,,
a7792364-8239-467b-8ac1-be931a287d69,Orsi,blank_response,Food_Security,G.food_source_other,Sell of firewood and charcoal burning.,,,,,recodedto bought with cash,,,
906bcec9-6735-498d-a00a-bb3755aa688b,Orsi,blank_response,Food_Security,G.food_source_other,Sell of firewood and charcoal burning.,,,,,recodedto bought with cash,,,
ac4749f2-32b1-4dfe-995f-4e6a34a893a5,Orsi,blank_response,Food_Security,G.food_source_other,Casual labour,,,,,recodedto bought with cash,,,
bca2a525-66b4-4da2-8bbc-5a45248932cb,Orsi,blank_response,Food_Security,G.food_source_other,Firewood and charcoal sell.,,,,,recodedto bought with cash,,,
54b23d4c-3f3e-41ac-bab9-22667e1c97eb,Orsi,blank_response,Food_Security,G.food_source_other,Stock from the previous harvest.,,,,,"option already in tool, ""cultivated"", recoded below",,,
4a01fa59-80c5-4aeb-9a43-a63a62ed85b1,Orsi,blank_response,Food_Security,G.food_source_other,Stock from the previous harvest.,,,,,"option already in tool, ""cultivated"", recoded below",,,
68522b22-181e-4ef6-96fe-a6e43db01884,Orsi,blank_response,Food_Security,G.food_source_other,"Sell of firewood,poles and charcoal.",,,,,recodedto bought with cash,,,
ca4d80dc-24f1-43d8-bfa2-54dd6e4c84cd,Orsi,blank_response,Food_Security,G.food_source_other,Stock from the previous harvest.,,,,,"option already in tool, ""cultivated"", recoded below",,,
75137f74-7df4-42bf-9899-23185c5b68cb,Orsi,blank_response,Food_Security,G.food_source_other,Stock from the previous harvest.,,,,,"option already in tool, ""cultivated"", recoded below",,,
7ef270f5-6b3b-4901-8470-22270f45c36a,Orsi,blank_response,Food_Security,G.food_source_other,Stock from the previous harvest.,,,,,"option already in tool, ""cultivated"", recoded below",,,
266146c2-2df8-4709-b5c1-aaaa650c1e5f,Orsi,blank_response,Food_Security,G.food_source_other,Stock from the previous harvest,,,,,"option already in tool, ""cultivated"", recoded below",,,
853df2fe-79dc-4f89-9a1b-3dc14a65f440,Orsi,blank_response,Food_Security,G.food_source_other,Stock from the previous harvest.,,,,,"option already in tool, ""cultivated"", recoded below",,,
de7b6a3a-0dc9-475c-9540-fb0ca75f6ebf,Orsi,blank_response,Food_Security,G.food_source_other,Stock from the previous harvest.,,,,,"option already in tool, ""cultivated"", recoded below",,,
bb17b9c9-3d98-4566-9f66-30b945576218,Orsi,blank_response,Food_Security,G.food_source_other,Stock from the previous harvest.,,,,,"option already in tool, ""cultivated"", recoded below",,,
0ba2a0ad-e6f4-41b8-bd46-f564e0900b69,Orsi,change_response,Food_Security,G.food_source,other ,bought,,,,"option already in tool, see above",,,
4ff81a91-af40-493f-a987-68c926a4933b,Orsi,change_response,Food_Security,G.food_source,other ,bought,,,,"option already in tool, see above",,,
83c7ce3b-1d8a-433f-9a73-530e0ac1de57,Orsi,change_response,Food_Security,G.food_source,other ,bought,,,,"option already in tool, see above",,,
89aee83b-6a53-449d-9f1a-1dd8830da0b2,Orsi,change_response,Food_Security,G.food_source,other ,cultivated,,,,"option already in tool, see above",,,
39596e63-d4b3-4edb-aa0c-932f468d4bde,Orsi,change_response,Food_Security,G.food_source,other ,bought,,,,"option already in tool, see above",,,
776f22f5-584a-4d19-8311-64fa92adad9e,Orsi,change_response,Food_Security,G.food_source,other ,cultivated,,,,"option already in tool, see above",,,
bc0384d7-95dd-487f-8896-511b4afa2d1d,Orsi,change_response,Food_Security,G.food_source,other ,cultivated,,,,"option already in tool, see above",,,
bfed2609-b885-4cfc-9cca-b5f1a1a244f7,Orsi,change_response,Food_Security,G.food_source,other ,cultivated,,,,"option already in tool, see above",,,
7dbd9e0c-0ff1-4473-856a-84093414ddf1,Orsi,change_response,Food_Security,G.food_source,other ,cultivated,,,,"option already in tool, see above",,,
0c544512-3e70-4ccf-8d98-56ff45fc2918,Orsi,change_response,Food_Security,G.food_source,other ,cultivated,,,,"option already in tool, see above",,,
a7792364-8239-467b-8ac1-be931a287d69,Orsi,change_response,Food_Security,G.food_source,other ,bought,,,,"option already in tool, see above",,,
906bcec9-6735-498d-a00a-bb3755aa688b,Orsi,change_response,Food_Security,G.food_source,other ,bought,,,,"option already in tool, see above",,,
ac4749f2-32b1-4dfe-995f-4e6a34a893a5,Orsi,change_response,Food_Security,G.food_source,other ,bought,,,,"option already in tool, see above",,,
bca2a525-66b4-4da2-8bbc-5a45248932cb,Orsi,change_response,Food_Security,G.food_source,other ,bought,,,,"option already in tool, see above",,,
54b23d4c-3f3e-41ac-bab9-22667e1c97eb,Orsi,change_response,Food_Security,G.food_source,other ,cultivated,,,,"option already in tool, see above",,,
4a01fa59-80c5-4aeb-9a43-a63a62ed85b1,Orsi,change_response,Food_Security,G.food_source,other ,cultivated,,,,"option already in tool, see above",,,
68522b22-181e-4ef6-96fe-a6e43db01884,Orsi,change_response,Food_Security,G.food_source,other ,bought,,,,"option already in tool, see above",,,
ca4d80dc-24f1-43d8-bfa2-54dd6e4c84cd,Orsi,change_response,Food_Security,G.food_source,other ,cultivated,,,,"option already in tool, see above",,,
75137f74-7df4-42bf-9899-23185c5b68cb,Orsi,change_response,Food_Security,G.food_source,other ,cultivated,,,,"option already in tool, see above",,,
7ef270f5-6b3b-4901-8470-22270f45c36a,Orsi,change_response,Food_Security,G.food_source,other ,cultivated,,,,"option already in tool, see above",,,
266146c2-2df8-4709-b5c1-aaaa650c1e5f,Orsi,change_response,Food_Security,G.food_source,other ,cultivated,,,,"option already in tool, see above",,,
853df2fe-79dc-4f89-9a1b-3dc14a65f440,Orsi,change_response,Food_Security,G.food_source,other ,cultivated,,,,"option already in tool, see above",,,
de7b6a3a-0dc9-475c-9540-fb0ca75f6ebf,Orsi,change_response,Food_Security,G.food_source,other ,cultivated,,,,"option already in tool, see above",,,
bb17b9c9-3d98-4566-9f66-30b945576218,Orsi,change_response,Food_Security,G.food_source,other ,cultivated,,,,"option already in tool, see above",,,
83c7ce3b-1d8a-433f-9a73-530e0ac1de57,Orsi,blank_response,Livelihoods,L.current_activities_other,Crops for sustainance(irrigation a long the river),,,,,option already in tool,,,
83c7ce3b-1d8a-433f-9a73-530e0ac1de57,Orsi,change_response,Livelihoods,L.current_activities.crops_for_sustenance,no,yes,,,,see above,,,
83c7ce3b-1d8a-433f-9a73-530e0ac1de57,Orsi,blank_response,Markets,U.list_market_barriers_other,Robberies on the way only for those who leave late hours.,,,,,already in tool,,,
ac4749f2-32b1-4dfe-995f-4e6a34a893a5,Orsi,blank_response,Markets,U.list_market_barriers_other,Lack of public means to transport goods.,,,,,it can stay,,,
d8bf8d49-a24c-4764-a73c-e705854abebd,Orsi,blank_response,Markets,U.list_market_barriers_other,No means of payment,,,,,not relevant as market barrier,,,
1e5e279c-bc81-4a22-ad33-3863a334db92,Orsi,blank_response,Markets,U.list_market_barriers_other,No means of payment,,,,,not relevant as market barrier,,,
6b57cdce-b1de-4feb-b5fe-4f5b5696c255,Orsi,blank_response,Markets,U.list_market_barriers_other,No means of payment,,,,,not relevant as market barrier,,,
83c7ce3b-1d8a-433f-9a73-530e0ac1de57,Orsi,change_response,Markets,U.market_now_barriers.robberies,no,yes,,,,recoded,,,
83c7ce3b-1d8a-433f-9a73-530e0ac1de57,Orsi,change_response,Markets,U.market_now_barriers.other,yes,no,,,,see above,,,
d8bf8d49-a24c-4764-a73c-e705854abebd,Orsi,change_response,Markets,U.market_now_barriers.other,yes,no,,,,see above,,,
1e5e279c-bc81-4a22-ad33-3863a334db92,Orsi,change_response,Markets,U.market_now_barriers.other,yes,no,,,,see above,,,
6b57cdce-b1de-4feb-b5fe-4f5b5696c255,Orsi,change_response,Markets,U.market_now_barriers.other,yes,no,,,,see above,,,
83c7ce3b-1d8a-433f-9a73-530e0ac1de57,Orsi,no_action,Health_Services,I.health_problems1_other,Yellow fever,,,,,"not in tool, it can stay",,,
89aee83b-6a53-449d-9f1a-1dd8830da0b2,Orsi,blank_response,Water_and_Sanitation,K.water_now_how_other,A dam,,,,,already in tool,,,
9e255bd5-0151-4967-a9c3-29ad7042362d,Orsi,blank_response,Water_and_Sanitation,K.water_now_how_other,Dam,,,,,already in tool,,,
89aee83b-6a53-449d-9f1a-1dd8830da0b2,Orsi,change_response,Water_and_Sanitation,K.water_now_how,other ,river,,,,recoded,,,
9e255bd5-0151-4967-a9c3-29ad7042362d,Orsi,change_response,Water_and_Sanitation,K.water_now_how,other ,river,,,,recoded,,,
945f458c-1ddc-409b-9095-6025da43c5d5,Orsi,blank_response,Education,M.attendance_no_reason1_girls_other,The school was closed,,,,,"Looks like education was not available at all in this settlement for neither boys or girls as the school was closed / not functional / were no teacher etc, but the enumerator misunderstood basic question on education availability and thought about the existing school building. As education is not currently available, recoded M.edu_now to ""no"" and blanked rest of the answers as skip logic would have been the case if the question would have been understood",,,
ffc43490-05f0-4e7e-a74b-6c755fbacdc1,Orsi,blank_response,Education,M.attendance_no_reason1_girls_other,The school was close,,,,,see comment in line 203,,,
61920eb9-5f29-4bc9-a9ce-89296d1422b6,Orsi,blank_response,Education,M.attendance_no_reason1_girls_other,The school was close,,,,,see comment in line 203,,,
026fd075-ea5d-4659-9b9d-b9545e790aec,Orsi,blank_response,Education,M.attendance_no_reason1_girls_other,The school was close,,,,,see comment in line 203,,,
17bef362-d4b7-42ce-a0f3-7f5773d3dc55,Orsi,blank_response,Education,M.attendance_no_reason1_girls_other,The school was close,,,,,see comment in line 203,,,
972aa993-352b-48ea-b724-6cd77e89ba14,Orsi,blank_response,Education,M.attendance_no_reason1_girls_other,The school was close,,,,,see comment in line 203,,,
23b0f800-eae0-4c35-a8bd-bd7ebee0fbe3,Orsi,blank_response,Education,M.attendance_no_reason1_girls_other,Not functional,,,,,see comment in line 203,,,
e07b282f-b079-421a-b5fb-fb6dde2bcdaa,Orsi,blank_response,Education,M.attendance_no_reason1_girls_other,Not functional,,,,,see comment in line 203,,,
55596c04-ee22-437c-afab-400f5b5bc25e,Orsi,blank_response,Education,M.attendance_no_reason1_girls_other,Not functional,,,,,see comment in line 203,,,
090e5b2b-40cb-477e-8429-ccfc43f9dbdb,Orsi,blank_response,Education,M.attendance_no_reason1_girls_other,Not functional,,,,,see comment in line 203,,,
7c96d802-2ea6-4914-ba60-a68762eed433,Orsi,blank_response,Education,M.attendance_no_reason1_girls_other,Not functional,,,,,see comment in line 203,,,
45c42707-68c4-428d-b866-b232f0212264,Orsi,blank_response,Education,M.attendance_no_reason1_girls_other,Not functional,,,,,see comment in line 203,,,
a43c5861-67aa-49b5-b213-0701c4853684,Orsi,blank_response,Education,M.attendance_no_reason1_girls_other,Not functional,,,,,see comment in line 203,,,
79715a11-3031-4496-ae87-3f5814ac8702,Orsi,blank_response,Education,M.attendance_no_reason1_girls_other,The school close,,,,,see comment in line 203,,,
d0a1ffcf-8d56-4e40-adc2-1aa5f5fae071,Orsi,blank_response,Education,M.attendance_no_reason1_girls_other,Not functional,,,,,see comment in line 203,,,
a2526f05-ea59-4f1d-8a11-c443a63d423b,Orsi,blank_response,Education,M.attendance_no_reason1_girls_other,Not functional,,,,,see comment in line 203,,,
7f651ce5-5b9e-4731-9933-4fe38d237568,Orsi,blank_response,Education,M.attendance_no_reason1_girls_other,The school was close,,,,,see comment in line 203,,,
81819f9e-effd-44d5-a082-6391cdb702a6,Orsi,blank_response,Education,M.attendance_no_reason1_girls_other,The school was close,,,,,see comment in line 203,,,
05678974-0f89-422c-9bbb-3e08cd72ca35,Orsi,blank_response,Education,M.attendance_no_reason1_girls_other,The school was close,,,,,see comment in line 203,,,
c7c231d3-0487-4efe-91a2-e9015d1d16ea,Orsi,blank_response,Education,M.attendance_no_reason1_girls_other,Not functional,,,,,see comment in line 203,,,
74589887-d121-4594-afee-49470613d355,Orsi,blank_response,Education,M.attendance_no_reason1_girls_other,Not functional,,,,,see comment in line 203,,,
81445804-8605-4e0d-9b8c-7b6468f88a5f,Orsi,blank_response,Education,M.attendance_no_reason1_girls_other,Not functional,,,,,see comment in line 203,,,
90cc2f5f-d5e0-4eb0-955d-7b7ab87939c7,Orsi,blank_response,Education,M.attendance_no_reason1_girls_other,The school was close,,,,,see comment in line 203,,,
945f458c-1ddc-409b-9095-6025da43c5d5,Orsi,blank_response,Education,M.attendance_no_reason1_girls,other ,,,,,see comment in line 203,,,
ffc43490-05f0-4e7e-a74b-6c755fbacdc1,Orsi,blank_response,Education,M.attendance_no_reason1_girls,other ,,,,,see comment in line 203,,,
61920eb9-5f29-4bc9-a9ce-89296d1422b6,Orsi,blank_response,Education,M.attendance_no_reason1_girls,other ,,,,,see comment in line 203,,,
026fd075-ea5d-4659-9b9d-b9545e790aec,Orsi,blank_response,Education,M.attendance_no_reason1_girls,other ,,,,,see comment in line 203,,,
17bef362-d4b7-42ce-a0f3-7f5773d3dc55,Orsi,blank_response,Education,M.attendance_no_reason1_girls,other ,,,,,see comment in line 203,,,
972aa993-352b-48ea-b724-6cd77e89ba14,Orsi,blank_response,Education,M.attendance_no_reason1_girls,other ,,,,,see comment in line 203,,,
23b0f800-eae0-4c35-a8bd-bd7ebee0fbe3,Orsi,blank_response,Education,M.attendance_no_reason1_girls,other ,,,,,see comment in line 203,,,
e07b282f-b079-421a-b5fb-fb6dde2bcdaa,Orsi,blank_response,Education,M.attendance_no_reason1_girls,other ,,,,,see comment in line 203,,,
bfed2609-b885-4cfc-9cca-b5f1a1a244f7,Orsi,blank_response,Education,M.attendance_no_reason1_girls,other ,,,,,see comment in line 203,,,
55596c04-ee22-437c-afab-400f5b5bc25e,Orsi,blank_response,Education,M.attendance_no_reason1_girls,other ,,,,,see comment in line 203,,,
090e5b2b-40cb-477e-8429-ccfc43f9dbdb,Orsi,blank_response,Education,M.attendance_no_reason1_girls,other ,,,,,see comment in line 203,,,
7c96d802-2ea6-4914-ba60-a68762eed433,Orsi,blank_response,Education,M.attendance_no_reason1_girls,other ,,,,,see comment in line 203,,,
45c42707-68c4-428d-b866-b232f0212264,Orsi,blank_response,Education,M.attendance_no_reason1_girls,other ,,,,,see comment in line 203,,,
a43c5861-67aa-49b5-b213-0701c4853684,Orsi,blank_response,Education,M.attendance_no_reason1_girls,other ,,,,,see comment in line 203,,,
79715a11-3031-4496-ae87-3f5814ac8702,Orsi,blank_response,Education,M.attendance_no_reason1_girls,other ,,,,,see comment in line 203,,,
d0a1ffcf-8d56-4e40-adc2-1aa5f5fae071,Orsi,blank_response,Education,M.attendance_no_reason1_girls,other ,,,,,see comment in line 203,,,
a2526f05-ea59-4f1d-8a11-c443a63d423b,Orsi,blank_response,Education,M.attendance_no_reason1_girls,other ,,,,,see comment in line 203,,,
7f651ce5-5b9e-4731-9933-4fe38d237568,Orsi,blank_response,Education,M.attendance_no_reason1_girls,other ,,,,,see comment in line 203,,,
81819f9e-effd-44d5-a082-6391cdb702a6,Orsi,blank_response,Education,M.attendance_no_reason1_girls,other ,,,,,see comment in line 203,,,
05678974-0f89-422c-9bbb-3e08cd72ca35,Orsi,blank_response,Education,M.attendance_no_reason1_girls,other ,,,,,see comment in line 203,,,
c7c231d3-0487-4efe-91a2-e9015d1d16ea,Orsi,blank_response,Education,M.attendance_no_reason1_girls,other ,,,,,see comment in line 203,,,
74589887-d121-4594-afee-49470613d355,Orsi,blank_response,Education,M.attendance_no_reason1_girls,other ,,,,,see comment in line 203,,,
81445804-8605-4e0d-9b8c-7b6468f88a5f,Orsi,blank_response,Education,M.attendance_no_reason1_girls,other ,,,,,see comment in line 203,,,
90cc2f5f-d5e0-4eb0-955d-7b7ab87939c7,Orsi,blank_response,Education,M.attendance_no_reason1_girls,other ,,,,,see comment in line 203,,,
945f458c-1ddc-409b-9095-6025da43c5d5,Orsi,blank_response,Education,M.attendance_no_reason1_boys_other,The school was closed,,,,,see comment in line 203,,,
ffc43490-05f0-4e7e-a74b-6c755fbacdc1,Orsi,blank_response,Education,M.attendance_no_reason1_boys_other,The school was close,,,,,see comment in line 203,,,
61920eb9-5f29-4bc9-a9ce-89296d1422b6,Orsi,blank_response,Education,M.attendance_no_reason1_boys_other,The school was close,,,,,see comment in line 203,,,
026fd075-ea5d-4659-9b9d-b9545e790aec,Orsi,blank_response,Education,M.attendance_no_reason1_boys_other,The school was close,,,,,see comment in line 203,,,
17bef362-d4b7-42ce-a0f3-7f5773d3dc55,Orsi,blank_response,Education,M.attendance_no_reason1_boys_other,The school was close,,,,,see comment in line 203,,,
972aa993-352b-48ea-b724-6cd77e89ba14,Orsi,blank_response,Education,M.attendance_no_reason1_boys_other,The school was close,,,,,see comment in line 203,,,
23b0f800-eae0-4c35-a8bd-bd7ebee0fbe3,Orsi,blank_response,Education,M.attendance_no_reason1_boys_other,Not functional,,,,,see comment in line 203,,,
e07b282f-b079-421a-b5fb-fb6dde2bcdaa,Orsi,blank_response,Education,M.attendance_no_reason1_boys_other,Not functional,,,,,see comment in line 203,,,
4c9a9b7e-675d-4805-8aeb-da9736417521,Orsi,blank_response,Education,M.attendance_no_reason1_boys_other,No teachers.,,,,,see comment in line 203,,,
55596c04-ee22-437c-afab-400f5b5bc25e,Orsi,blank_response,Education,M.attendance_no_reason1_boys_other,Not functional,,,,,see comment in line 203,,,
090e5b2b-40cb-477e-8429-ccfc43f9dbdb,Orsi,blank_response,Education,M.attendance_no_reason1_boys_other,Not functional,,,,,see comment in line 203,,,
7c96d802-2ea6-4914-ba60-a68762eed433,Orsi,blank_response,Education,M.attendance_no_reason1_boys_other,Not functional,,,,,see comment in line 203,,,
45c42707-68c4-428d-b866-b232f0212264,Orsi,blank_response,Education,M.attendance_no_reason1_boys_other,Not functional,,,,,see comment in line 203,,,
a43c5861-67aa-49b5-b213-0701c4853684,Orsi,blank_response,Education,M.attendance_no_reason1_boys_other,Not functional,,,,,see comment in line 203,,,
79715a11-3031-4496-ae87-3f5814ac8702,Orsi,blank_response,Education,M.attendance_no_reason1_boys_other,The school was close,,,,,see comment in line 203,,,
d0a1ffcf-8d56-4e40-adc2-1aa5f5fae071,Orsi,blank_response,Education,M.attendance_no_reason1_boys_other,Not functional,,,,,see comment in line 203,,,
a2526f05-ea59-4f1d-8a11-c443a63d423b,Orsi,blank_response,Education,M.attendance_no_reason1_boys_other,Not functional,,,,,see comment in line 203,,,
7f651ce5-5b9e-4731-9933-4fe38d237568,Orsi,blank_response,Education,M.attendance_no_reason1_boys_other,The school was close,,,,,see comment in line 203,,,
81819f9e-effd-44d5-a082-6391cdb702a6,Orsi,blank_response,Education,M.attendance_no_reason1_boys_other,The school was close,,,,,see comment in line 203,,,
05678974-0f89-422c-9bbb-3e08cd72ca35,Orsi,blank_response,Education,M.attendance_no_reason1_boys_other,The school was close,,,,,see comment in line 203,,,
c7c231d3-0487-4efe-91a2-e9015d1d16ea,Orsi,blank_response,Education,M.attendance_no_reason1_boys_other,Not functional,,,,,see comment in line 203,,,
74589887-d121-4594-afee-49470613d355,Orsi,blank_response,Education,M.attendance_no_reason1_boys_other,Not functional,,,,,see comment in line 203,,,
81445804-8605-4e0d-9b8c-7b6468f88a5f,Orsi,blank_response,Education,M.attendance_no_reason1_boys_other,Not functional,,,,,see comment in line 203,,,
90cc2f5f-d5e0-4eb0-955d-7b7ab87939c7,Orsi,blank_response,Education,M.attendance_no_reason1_boys_other,The school was close,,,,,see comment in line 203,,,
945f458c-1ddc-409b-9095-6025da43c5d5,Orsi,blank_response,Education,M.attendance_no_reason1_boys,other ,,,,,see comment in line 203,,,
ffc43490-05f0-4e7e-a74b-6c755fbacdc1,Orsi,blank_response,Education,M.attendance_no_reason1_boys,other ,,,,,see comment in line 203,,,
61920eb9-5f29-4bc9-a9ce-89296d1422b6,Orsi,blank_response,Education,M.attendance_no_reason1_boys,other ,,,,,see comment in line 203,,,
026fd075-ea5d-4659-9b9d-b9545e790aec,Orsi,blank_response,Education,M.attendance_no_reason1_boys,other ,,,,,see comment in line 203,,,
17bef362-d4b7-42ce-a0f3-7f5773d3dc55,Orsi,blank_response,Education,M.attendance_no_reason1_boys,other ,,,,,see comment in line 203,,,
972aa993-352b-48ea-b724-6cd77e89ba14,Orsi,blank_response,Education,M.attendance_no_reason1_boys,other ,,,,,see comment in line 203,,,
23b0f800-eae0-4c35-a8bd-bd7ebee0fbe3,Orsi,blank_response,Education,M.attendance_no_reason1_boys,other ,,,,,see comment in line 203,,,
e07b282f-b079-421a-b5fb-fb6dde2bcdaa,Orsi,blank_response,Education,M.attendance_no_reason1_boys,other ,,,,,see comment in line 203,,,
bfed2609-b885-4cfc-9cca-b5f1a1a244f7,Orsi,blank_response,Education,M.attendance_no_reason1_boys,other ,,,,,see comment in line 203,,,
4c9a9b7e-675d-4805-8aeb-da9736417521,Orsi,blank_response,Education,M.attendance_no_reason1_boys,other ,,,,,see comment in line 203,,,
55596c04-ee22-437c-afab-400f5b5bc25e,Orsi,blank_response,Education,M.attendance_no_reason1_boys,other ,,,,,see comment in line 203,,,
090e5b2b-40cb-477e-8429-ccfc43f9dbdb,Orsi,blank_response,Education,M.attendance_no_reason1_boys,other ,,,,,see comment in line 203,,,
7c96d802-2ea6-4914-ba60-a68762eed433,Orsi,blank_response,Education,M.attendance_no_reason1_boys,other ,,,,,see comment in line 203,,,
45c42707-68c4-428d-b866-b232f0212264,Orsi,blank_response,Education,M.attendance_no_reason1_boys,other ,,,,,see comment in line 203,,,
a43c5861-67aa-49b5-b213-0701c4853684,Orsi,blank_response,Education,M.attendance_no_reason1_boys,other ,,,,,see comment in line 203,,,
79715a11-3031-4496-ae87-3f5814ac8702,Orsi,blank_response,Education,M.attendance_no_reason1_boys,other ,,,,,see comment in line 203,,,
d0a1ffcf-8d56-4e40-adc2-1aa5f5fae071,Orsi,blank_response,Education,M.attendance_no_reason1_boys,other ,,,,,see comment in line 203,,,
a2526f05-ea59-4f1d-8a11-c443a63d423b,Orsi,blank_response,Education,M.attendance_no_reason1_boys,other ,,,,,see comment in line 203,,,
7f651ce5-5b9e-4731-9933-4fe38d237568,Orsi,blank_response,Education,M.attendance_no_reason1_boys,other ,,,,,see comment in line 203,,,
81819f9e-effd-44d5-a082-6391cdb702a6,Orsi,blank_response,Education,M.attendance_no_reason1_boys,other ,,,,,see comment in line 203,,,
05678974-0f89-422c-9bbb-3e08cd72ca35,Orsi,blank_response,Education,M.attendance_no_reason1_boys,other ,,,,,see comment in line 203,,,
c7c231d3-0487-4efe-91a2-e9015d1d16ea,Orsi,blank_response,Education,M.attendance_no_reason1_boys,other ,,,,,see comment in line 203,,,
74589887-d121-4594-afee-49470613d355,Orsi,blank_response,Education,M.attendance_no_reason1_boys,other ,,,,,see comment in line 203,,,
81445804-8605-4e0d-9b8c-7b6468f88a5f,Orsi,blank_response,Education,M.attendance_no_reason1_boys,other ,,,,,see comment in line 203,,,
90cc2f5f-d5e0-4eb0-955d-7b7ab87939c7,Orsi,blank_response,Education,M.attendance_no_reason1_boys,other ,,,,,see comment in line 203,,,
945f458c-1ddc-409b-9095-6025da43c5d5,Orsi,change_response,Education,M.edu_now,yes,no,,,,see comment in line 203,,,
ffc43490-05f0-4e7e-a74b-6c755fbacdc1,Orsi,change_response,Education,M.edu_now,yes,no,,,,see comment in line 203,,,
61920eb9-5f29-4bc9-a9ce-89296d1422b6,Orsi,change_response,Education,M.edu_now,yes,no,,,,see comment in line 203,,,
026fd075-ea5d-4659-9b9d-b9545e790aec,Orsi,change_response,Education,M.edu_now,yes,no,,,,see comment in line 203,,,
17bef362-d4b7-42ce-a0f3-7f5773d3dc55,Orsi,change_response,Education,M.edu_now,yes,no,,,,see comment in line 203,,,
972aa993-352b-48ea-b724-6cd77e89ba14,Orsi,change_response,Education,M.edu_now,yes,no,,,,see comment in line 203,,,
23b0f800-eae0-4c35-a8bd-bd7ebee0fbe3,Orsi,change_response,Education,M.edu_now,yes,no,,,,see comment in line 203,,,
e07b282f-b079-421a-b5fb-fb6dde2bcdaa,Orsi,change_response,Education,M.edu_now,yes,no,,,,see comment in line 203,,,
4c9a9b7e-675d-4805-8aeb-da9736417521,Orsi,change_response,Education,M.edu_now,yes,no,,,,see comment in line 203,,,
55596c04-ee22-437c-afab-400f5b5bc25e,Orsi,change_response,Education,M.edu_now,yes,no,,,,see comment in line 203,,,
090e5b2b-40cb-477e-8429-ccfc43f9dbdb,Orsi,change_response,Education,M.edu_now,yes,no,,,,see comment in line 203,,,
7c96d802-2ea6-4914-ba60-a68762eed433,Orsi,change_response,Education,M.edu_now,yes,no,,,,see comment in line 203,,,
45c42707-68c4-428d-b866-b232f0212264,Orsi,change_response,Education,M.edu_now,yes,no,,,,see comment in line 203,,,
a43c5861-67aa-49b5-b213-0701c4853684,Orsi,change_response,Education,M.edu_now,yes,no,,,,see comment in line 203,,,
79715a11-3031-4496-ae87-3f5814ac8702,Orsi,change_response,Education,M.edu_now,yes,no,,,,see comment in line 203,,,
d0a1ffcf-8d56-4e40-adc2-1aa5f5fae071,Orsi,change_response,Education,M.edu_now,yes,no,,,,see comment in line 203,,,
a2526f05-ea59-4f1d-8a11-c443a63d423b,Orsi,change_response,Education,M.edu_now,yes,no,,,,see comment in line 203,,,
7f651ce5-5b9e-4731-9933-4fe38d237568,Orsi,change_response,Education,M.edu_now,yes,no,,,,see comment in line 203,,,
81819f9e-effd-44d5-a082-6391cdb702a6,Orsi,change_response,Education,M.edu_now,yes,no,,,,see comment in line 203,,,
05678974-0f89-422c-9bbb-3e08cd72ca35,Orsi,change_response,Education,M.edu_now,yes,no,,,,see comment in line 203,,,
c7c231d3-0487-4efe-91a2-e9015d1d16ea,Orsi,change_response,Education,M.edu_now,yes,no,,,,see comment in line 203,,,
74589887-d121-4594-afee-49470613d355,Orsi,change_response,Education,M.edu_now,yes,no,,,,see comment in line 203,,,
81445804-8605-4e0d-9b8c-7b6468f88a5f,Orsi,change_response,Education,M.edu_now,yes,no,,,,see comment in line 203,,,
90cc2f5f-d5e0-4eb0-955d-7b7ab87939c7,Orsi,change_response,Education,M.edu_now,yes,no,,,,see comment in line 203,,,
79715a11-3031-4496-ae87-3f5814ac8702,Orsi,blank_response,Education,M.education_level.secondary_three_four,yes,,,,,see comment in line 203,,,
ffc43490-05f0-4e7e-a74b-6c755fbacdc1,Orsi,blank_response,Education,M.education_level.primary_six_eight,yes,,,,,see comment in line 203,,,
79715a11-3031-4496-ae87-3f5814ac8702,Orsi,blank_response,Education,M.education_level.primary_six_eight,yes,,,,,see comment in line 203,,,
d0a1ffcf-8d56-4e40-adc2-1aa5f5fae071,Orsi,blank_response,Education,M.education_level.primary_six_eight,yes,,,,,see comment in line 203,,,
7f651ce5-5b9e-4731-9933-4fe38d237568,Orsi,blank_response,Education,M.education_level.primary_six_eight,yes,,,,,see comment in line 203,,,
81819f9e-effd-44d5-a082-6391cdb702a6,Orsi,blank_response,Education,M.education_level.primary_six_eight,yes,,,,,see comment in line 203,,,
c7c231d3-0487-4efe-91a2-e9015d1d16ea,Orsi,blank_response,Education,M.education_level.primary_six_eight,yes,,,,,see comment in line 203,,,
74589887-d121-4594-afee-49470613d355,Orsi,blank_response,Education,M.education_level.primary_six_eight,yes,,,,,see comment in line 203,,,
90cc2f5f-d5e0-4eb0-955d-7b7ab87939c7,Orsi,blank_response,Education,M.education_level.primary_six_eight,yes,,,,,see comment in line 203,,,
945f458c-1ddc-409b-9095-6025da43c5d5,Orsi,blank_response,Education,M.education_level.primary_one_five,yes,,,,,see comment in line 203,,,
61920eb9-5f29-4bc9-a9ce-89296d1422b6,Orsi,blank_response,Education,M.education_level.primary_one_five,yes,,,,,see comment in line 203,,,
026fd075-ea5d-4659-9b9d-b9545e790aec,Orsi,blank_response,Education,M.education_level.primary_one_five,yes,,,,,see comment in line 203,,,
17bef362-d4b7-42ce-a0f3-7f5773d3dc55,Orsi,blank_response,Education,M.education_level.primary_one_five,yes,,,,,see comment in line 203,,,
23b0f800-eae0-4c35-a8bd-bd7ebee0fbe3,Orsi,blank_response,Education,M.education_level.primary_one_five,yes,,,,,see comment in line 203,,,
e07b282f-b079-421a-b5fb-fb6dde2bcdaa,Orsi,blank_response,Education,M.education_level.primary_one_five,yes,,,,,see comment in line 203,,,
4c9a9b7e-675d-4805-8aeb-da9736417521,Orsi,blank_response,Education,M.education_level.primary_one_five,yes,,,,,see comment in line 203,,,
55596c04-ee22-437c-afab-400f5b5bc25e,Orsi,blank_response,Education,M.education_level.primary_one_five,yes,,,,,see comment in line 203,,,
090e5b2b-40cb-477e-8429-ccfc43f9dbdb,Orsi,blank_response,Education,M.education_level.primary_one_five,yes,,,,,see comment in line 203,,,
7c96d802-2ea6-4914-ba60-a68762eed433,Orsi,blank_response,Education,M.education_level.primary_one_five,yes,,,,,see comment in line 203,,,
45c42707-68c4-428d-b866-b232f0212264,Orsi,blank_response,Education,M.education_level.primary_one_five,yes,,,,,see comment in line 203,,,
a43c5861-67aa-49b5-b213-0701c4853684,Orsi,blank_response,Education,M.education_level.primary_one_five,yes,,,,,see comment in line 203,,,
79715a11-3031-4496-ae87-3f5814ac8702,Orsi,blank_response,Education,M.education_level.primary_one_five,yes,,,,,see comment in line 203,,,
d0a1ffcf-8d56-4e40-adc2-1aa5f5fae071,Orsi,blank_response,Education,M.education_level.primary_one_five,yes,,,,,see comment in line 203,,,
a2526f05-ea59-4f1d-8a11-c443a63d423b,Orsi,blank_response,Education,M.education_level.primary_one_five,yes,,,,,see comment in line 203,,,
05678974-0f89-422c-9bbb-3e08cd72ca35,Orsi,blank_response,Education,M.education_level.primary_one_five,yes,,,,,see comment in line 203,,,
74589887-d121-4594-afee-49470613d355,Orsi,blank_response,Education,M.education_level.primary_one_five,yes,,,,,see comment in line 203,,,
81445804-8605-4e0d-9b8c-7b6468f88a5f,Orsi,blank_response,Education,M.education_level.primary_one_five,yes,,,,,see comment in line 203,,,
79715a11-3031-4496-ae87-3f5814ac8702,Orsi,blank_response,Education,M.education_level.secondary_one_two,yes,,,,,see comment in line 203,,,
945f458c-1ddc-409b-9095-6025da43c5d5,Orsi,blank_response,Education,M.education_level,primary_one_five,,,,,see comment in line 203,,,
ffc43490-05f0-4e7e-a74b-6c755fbacdc1,Orsi,blank_response,Education,M.education_level,primary_six_eight,,,,,see comment in line 203,,,
61920eb9-5f29-4bc9-a9ce-89296d1422b6,Orsi,blank_response,Education,M.education_level,primary_one_five,,,,,see comment in line 203,,,
026fd075-ea5d-4659-9b9d-b9545e790aec,Orsi,blank_response,Education,M.education_level,primary_one_five,,,,,see comment in line 203,,,
17bef362-d4b7-42ce-a0f3-7f5773d3dc55,Orsi,blank_response,Education,M.education_level,primary_one_five,,,,,see comment in line 203,,,
23b0f800-eae0-4c35-a8bd-bd7ebee0fbe3,Orsi,blank_response,Education,M.education_level,primary_one_five,,,,,see comment in line 203,,,
e07b282f-b079-421a-b5fb-fb6dde2bcdaa,Orsi,blank_response,Education,M.education_level,primary_one_five,,,,,see comment in line 203,,,
4c9a9b7e-675d-4805-8aeb-da9736417521,Orsi,blank_response,Education,M.education_level,primary_one_five,,,,,see comment in line 203,,,
55596c04-ee22-437c-afab-400f5b5bc25e,Orsi,blank_response,Education,M.education_level,primary_one_five,,,,,see comment in line 203,,,
090e5b2b-40cb-477e-8429-ccfc43f9dbdb,Orsi,blank_response,Education,M.education_level,primary_one_five,,,,,see comment in line 203,,,
7c96d802-2ea6-4914-ba60-a68762eed433,Orsi,blank_response,Education,M.education_level,primary_one_five,,,,,see comment in line 203,,,
45c42707-68c4-428d-b866-b232f0212264,Orsi,blank_response,Education,M.education_level,primary_one_five,,,,,see comment in line 203,,,
a43c5861-67aa-49b5-b213-0701c4853684,Orsi,blank_response,Education,M.education_level,primary_one_five,,,,,see comment in line 203,,,
79715a11-3031-4496-ae87-3f5814ac8702,Orsi,blank_response,Education,M.education_level,primary_one_five primary_six_eight secondary_one_two secondary_three_four,,,,,see comment in line 203,,,
d0a1ffcf-8d56-4e40-adc2-1aa5f5fae071,Orsi,blank_response,Education,M.education_level,primary_one_five primary_six_eight,,,,,see comment in line 203,,,
a2526f05-ea59-4f1d-8a11-c443a63d423b,Orsi,blank_response,Education,M.education_level,primary_one_five,,,,,see comment in line 203,,,
7f651ce5-5b9e-4731-9933-4fe38d237568,Orsi,blank_response,Education,M.education_level,primary_six_eight,,,,,see comment in line 203,,,
81819f9e-effd-44d5-a082-6391cdb702a6,Orsi,blank_response,Education,M.education_level,primary_six_eight,,,,,see comment in line 203,,,
05678974-0f89-422c-9bbb-3e08cd72ca35,Orsi,blank_response,Education,M.education_level,primary_one_five,,,,,see comment in line 203,,,
c7c231d3-0487-4efe-91a2-e9015d1d16ea,Orsi,blank_response,Education,M.education_level,primary_six_eight,,,,,see comment in line 203,,,
74589887-d121-4594-afee-49470613d355,Orsi,blank_response,Education,M.education_level,primary_one_five primary_six_eight,,,,,see comment in line 203,,,
81445804-8605-4e0d-9b8c-7b6468f88a5f,Orsi,blank_response,Education,M.education_level,primary_one_five,,,,,see comment in line 203,,,
90cc2f5f-d5e0-4eb0-955d-7b7ab87939c7,Orsi,blank_response,Education,M.education_level,primary_six_eight,,,,,see comment in line 203,,,
d5ba22ab-af37-4d96-974a-6fc49ca6a538,Ohide  ,no_action,Area_of_Knowledge,D.info_settlement_other,Morukuruon,,the enumerator selected other saying the settlement is still new ,"the enumerator said the settlement is not in the tool, saying it is still new ",this is mappped ,GIS please check,,,
c251a74d-abbc-4006-bae3-2f0be6e3f118,Ohide  ,no_action,Area_of_Knowledge,D.info_settlement_other,Nathiekina,,the enumerator selected other saying the settlement is still new ,"the enumerator said the settlement is not in the tool, saying it is still new ",waiting for enumerator for mapping ,GIS please check,,,
83c7ce3b-1d8a-433f-9a73-530e0ac1de57,Ohide  ,no_action,Area_of_Knowledge,D.info_settlement_other,Nakoringomo,,the enumerator selected other saying the settlement is still new ,"the enumerator said the settlement is not in the tool, saying it is still new ",this is mappped ,GIS please check,,,
50cd8608-a56b-4964-a161-9f434f122230,Ohide  ,no_action,Area_of_Knowledge,D.info_settlement_other,Ila,,the enumerator selected other saying the settlement is still new ,"the enumerator said the settlement is not in the tool, saying it is still new ",waiting for enumerator for mapping ,GIS please check,,,
4b1587c5-27ce-48b3-806c-0ef3b5387fcd,Ohide  ,no_action,Area_of_Knowledge,D.info_settlement_other,Nakadeng'o,,the enumerator selected other saying the settlement is still new ,"the enumerator said the settlement is not in the tool, saying it is still new ",waiting for enumerator for mapping ,GIS please check,,,
bc0384d7-95dd-487f-8896-511b4afa2d1d,Ohide  ,no_action,Area_of_Knowledge,D.info_settlement_other,Kandok,,the enumerator selected other saying the settlement is still new ,"the enumerator said the settlement is not in the tool, saying it is still new ",this is mappped ,GIS please check,,,
4c9a9b7e-675d-4805-8aeb-da9736417521,Ohide  ,no_action,Area_of_Knowledge,D.info_settlement_other,Goloki,,the enumerator selected other saying the settlement is still new ,"the enumerator said the settlement is not in the tool, saying it is still new ",waiting for enumerator for mapping ,GIS please check,,,
0824c64a-484a-4f73-9108-53adbfc749ab,Ohide  ,no_action,Area_of_Knowledge,D.info_settlement_other,Napetet,,the enumerator the setlement that is already in the tool ,the enumerator say the phone is not showing some of the settllement when they are in the interview,"changed other to Napetet, is all agreed ",GIS please check,,,
ac4749f2-32b1-4dfe-995f-4e6a34a893a5,Ohide  ,no_action,Area_of_Knowledge,D.info_settlement_other,Kaatongun,,the enumerator selected other saying the settlement is still new ,"the enumerator said the settlement is not in the tool, saying it is still new ",this is mappped ,GIS please check,,,
bca2a525-66b4-4da2-8bbc-5a45248932cb,Ohide  ,no_action,Area_of_Knowledge,D.info_settlement_other,Napeingoroko,,the enumerator selected other saying the settlement is still new ,"the enumerator said the settlement is not in the tool, saying it is still new ",waiting for enumerator for mapping ,GIS please check,,,
bb6851ec-2bb9-4e9f-be66-5fc5d2ef86fb,Ohide  ,no_action,Area_of_Knowledge,D.info_settlement_other,Lotimongiro,,the enumerator selected other saying the settlement is still new ,"the enumerator said the settlement is not in the tool, saying it is still new ",this is mappped ,GIS please check,,,
d36fe85d-0a75-4385-a560-eddd39382608,Ohide  ,no_action,Area_of_Knowledge,D.info_settlement_other,Kethengor,,the enumerator selected other saying the settlement is still new ,"the enumerator said the settlement is not in the tool, saying it is still new ",waiting for enumerator for mapping ,GIS please check,,,
7ef270f5-6b3b-4901-8470-22270f45c36a,Orsi,no_action,Area_of_Knowledge,D.info_settlement_other,Mahiria,,,,,GIS please check,,,
5f2117c0-e315-4c24-9e5a-d46d963c6654,Orsi,no_action,Area_of_Knowledge,D.info_settlement_other,Lotimongiro,,,,,GIS please check,,,
3f20653c-626a-4c8d-8af9-e501ec062d27,Orsi,no_action,Area_of_Knowledge,D.info_settlement_other,Natiir,,,,,GIS please check,,,
be79d086-e3aa-4647-bc2f-37a60628d13f,Orsi,no_action,Area_of_Knowledge,D.info_settlement_other,Lotiir,,,,,GIS please check,,,
653d08f9-70bb-4ee3-b71b-f218de16e3a4,Orsi,no_action,Area_of_Knowledge,D.info_settlement_other,Lotubwa,,,,,GIS please check,,,
b8567058-1db6-417f-93fa-50021e636ce0,Orsi,no_action,Area_of_Knowledge,D.info_settlement_other,Pooma,,,,,GIS please check,,,
cf8e13cd-f243-4f04-b7ad-ee99af2f74fb,Orsi,no_action,Area_of_Knowledge,D.info_settlement_other,Emuria,,,,,GIS please check,,,
0cf26905-55de-4428-a4a2-e44aa47a7378,Orsi,no_action,Area_of_Knowledge,D.info_settlement_other,Nakadeng'o,,,,,GIS please check,,,
df232dc5-7680-4c48-adbf-9bb40b704e26,Ohide  ,no_action,Area_of_Knowledge,D.info_settlement_other,Kaatodori,,the enumerator selected other but it is the speiing issue though the settlement is already in the tool ,the enumerator said it is the spelling problem ,we have remapped the settlement and the correct speeling is fixed ,GIS please check,,,
90cc2f5f-d5e0-4eb0-955d-7b7ab87939c7,Ohide  ,no_action,Area_of_Knowledge,D.info_settlement_other,Nongolopa,,the enumerator selected other but it is the speiing issue though the settlement is already in the tool ,it is stil new settlement ,it is mapped ,GIS please check,,,
30a7d1c4-c1aa-423c-a2e3-5cd6f4debcf3,Ohide  ,no_action,Area_of_Knowledge,D.info_settlement_other,Kaliba,,the enumerator selected other but it is the speiing issue though the settlement is already in the tool ,it is stil new settlement ,it is mapped ,GIS please check,,,