uuid,Spotted_by,change_type,Sectors,indicator,Current_value,new_value,Issue,Enumerator comment,FO comment,AO comment,AM comment,GIS comment,Last Index
4dc5959b-df98-4503-aea8-0d138f4b1b1e,Stephen ,no_action,Education,M.edu_now,no,no,"Enu7"" has reported no education services,yet he reported frimary oneto five as the current level of  education in Bouth of Mayiendit county","there is no education services, but there is problem in the skip logic",I agree with the enumerator because the skip logic didn't allow to shose an other option ,OK,,,
76a36a46-3f24-434e-b723-25fdf9dd572d,Stephen ,no_action,Markets,U.cereal_market_sett_other,,,the enumerator has entered new settlment market while it's already in the list,this settlement is not in the list of the market settlement s,the explaination make sense ,,,,
88318b3b-f9fc-41ba-91a1-8352a30db9b4,Stephen ,no_action,Markets,U.cereal_market_sett_other,,,the enumerator has entered new settlment market while it's already in the list,this settlement is not in the list of the market settlement s,the explaination make sense ,,,,
fffc6946-1b06-4296-abec-b386008d0c48,Stephen ,no_action,Shelter,J.j1.hc_shelter_type1,improvised,improvised,the enum''5'' reported improvised shelter as the shelter type of the HC in touchnoor of mayom county ,the host community has been displaced by the flood that is the reason they using improvised shelter ,"that is reasonable, I agree",OK,,,
fffc6946-1b06-4296-abec-b386008d0c48,Stephen ,no_action,Shelter,J.j1.hc_location,bush,bush,En5'' reported bush as the Host Community location in touchnoor of mayom county ,the host community has been displaced by the flood that is the reason they are staying the bush,"that is reasonable, I agree",OK,,,
fffc6946-1b06-4296-abec-b386008d0c48,Stephen ,blank_response,Livelihoods,L.current_activities.other,,,the enum5'' has shoosen an other option and reccorded Collecting Wild foods as the current activity In touchnoor of mayom county,this option is not in the list ,"that is reasonable, I agree",OK,,,
e996f2c4-1a42-48a6-bf2e-3b171d315df6,Stephen ,change_response,Water_and_Sanitation,K.water_now_how,swamp,borehole,Enumerator 5'' selected swamp as the main source of the water while there is functioning borehole in Changlual settlement Rbkona county,"En5'' said people are getting the water from the Borehole, and the swamp was selected was just a misclicking error",that is oaky ,"No, change to borehole.",,,
2638b365-4820-476b-8650-4f02a7e35cf4,Stephen ,change_response,Area_of_Knowledge,D.info_settlement,Other,Malau,the enumerator has selected as New settlemems while it's already in the list,"En'' said this what he always get from the kis, if the other enumerators didn't report this issue it may be they didn't interview some kis from those locations ",will revise again and see ,Change D.info_settlement from other to Ngop,,,
77b1788a-a7c9-4499-adb4-2c1545f2ec1d,Stephen ,change_response,Food_Security,G.food_now,no,yes,En7'' reported a recent food disturbition while he selected no access to food in Guit ,"the En7"" said that is mis-clicking, there is food disturbition ",change from no to yes ,OK,,,
806fb943-122a-4fe4-af05-66fb67176acd,Stephen ,change_response,Food_Security,G.food_now,no,yes,En7'' reported a recent food disturbition while he selected no access to food in Guit ,"the En7"" said that is mis-clicking, there is food disturbition ",change from no to yes ,OK,,,
76a36a46-3f24-434e-b723-25fdf9dd572d,Stephen ,change_response,Food_Security,G.food_now,no,yes,Enumerator 4'' selected no access to Food  in Guit County while there was a recent food disturbition ,"En4"" said it's clicking error there is acess to food ",change from no to yes ,OK,,,
c99f4a28-a3f1-42e3-b409-02b840e5adab,Stephen ,change_response,Food_Security,G.food_now,no,yes,En7'' reported a recent food disturbition while he selected no access to food in Guit ,"the En7"" said that is mis-clicking, there is food disturbition ",change from no to yes ,OK,,,
